t,sigma_t,S_t
0.0,0.04,100.0
0.0005,0.04066641196691161,99.70205109604525
0.001,0.04047837245492548,99.6410664681301
0.0015,0.04135180092628477,99.2898379462786
0.002,0.04342737299284643,99.15477154801715
0.0025,0.04309489993812883,98.28381035680415
0.003,0.04276420386424959,98.38505182040207
0.0035,0.04495077876443338,98.38953564168015
0.004,0.046034833936977645,98.01234249026909
0.0045000000000000005,0.045350069968891286,98.32625916703896
0.005,0.04611711864315922,98.76917477641335
0.0055,0.04544035276921147,98.01068731305531
0.006,0.04476621239178715,97.6582820466283
0.006500000000000001,0.045102485842030554,97.3068222890727
0.007,0.042369087995176864,96.8763927761927
0.0075,0.03998376762031107,97.2501221876927
0.008,0.03922955717032489,97.16973125477388
0.0085,0.03788500742934795,97.05978384633724
0.009000000000000001,0.038298489392534954,96.21716831052842
0.0095,0.03710899173895593,96.488556508721
0.01,0.03528828176285138,95.97735079140645
0.0105,0.03714228352910669,96.00535185620735
0.011,0.03685468030993239,96.12395063180229
0.0115,0.03694636194452382,96.689246910421
0.012,0.03511385334596395,96.14920193577446
0.0125,0.03443687737067296,94.93656302820975
0.013000000000000001,0.03458330439501894,95.01278623185834
0.0135,0.033155568434588896,95.72795768734612
0.014,0.0336247407272272,96.21468383787027
0.0145,0.032895465941612724,96.30124474505615
0.015,0.032551226499996415,96.11308462099451
0.0155,0.031834159342131324,96.42989049148166
0.016,0.03406337476084886,96.05920619661231
0.0165,0.034055569001406404,96.25189164909932
0.017,0.032755100775506106,96.45650481313238
0.0175,0.03376459982267592,96.87421773482275
0.018000000000000002,0.03226908942193724,97.97654094775388
0.0185,0.032532373701651525,98.13489550649771
0.019,0.030172490241263235,97.93737748126587
0.0195,0.028639588644691894,97.93156654066361
0.02,0.028880115019628394,97.27988589526309
0.0205,0.029738648424702935,97.0269664456392
0.021,0.029952283200906035,96.87771720829244
0.021500000000000002,0.029833090519814538,96.68510776491732
0.022,0.02949946458574045,96.74586701937783
0.0225,0.027811719413071995,96.44416164505994
0.023,0.027024699994078905,96.85119326308097
0.0235,0.026536182274254104,96.85514102938858
0.024,0.027711560715419793,96.85573409439169
0.0245,0.028113712124810068,96.74139259848678
0.025,0.02614851944132832,96.80155106590642
0.025500000000000002,0.02652084686931913,97.09422269899594
0.026000000000000002,0.02612038402920978,96.79151758348043
0.0265,0.025407307209412276,96.5651841910664
0.027,0.026083240634297688,96.46451055087492
0.0275,0.027221096025619652,95.99951607443946
0.028,0.028270981270903637,95.71320278712439
0.0285,0.027342008055743373,95.54566095095139
0.029,0.02701800751573559,95.8583813844532
0.029500000000000002,0.027402744118765292,95.95472227615623
0.03,0.02850494475534892,96.02731971072708
0.0305,0.02797948734085866,96.33963397222868
0.031,0.027789192776409816,96.29398730412264
0.0315,0.02657033475952517,96.43799260708934
0.032,0.025282469532371978,96.40556715032801
0.0325,0.026171214653620416,96.5003803810114
0.033,0.02766377801703774,96.30081053568128
0.0335,0.027601937962088638,95.43118866912705
0.034,0.02873896209603852,95.3874007877019
0.0345,0.029167110823872328,95.90566203185399
0.035,0.02844427700328303,96.24872333895962
0.035500000000000004,0.02887048183769499,96.60298901723543
0.036000000000000004,0.03064024884370848,97.06055125990761
0.0365,0.030612220535211697,97.0981150579955
0.037,0.032462709955256144,97.1769547192753
0.0375,0.029307674923029825,96.93902612115728
0.038,0.030267594409669515,96.82561353316478
0.0385,0.030383782643317342,97.06143077531507
0.039,0.03004857668625055,97.52075977733179
0.0395,0.030170206491961588,97.47194964470106
0.04,0.027869062960441827,97.30541738970275
0.0405,0.02764125550544714,97.30950137755384
0.041,0.02805807525473989,97.53088560351931
0.0415,0.029736639610363342,97.00733885874118
0.042,0.029152508053380717,96.15232104031239
0.0425,0.028242758352583597,95.95406582266607
0.043000000000000003,0.02769473705373874,95.51773919013424
0.043500000000000004,0.02873511469855987,95.34094598242966
0.044,0.029125847019950774,95.2913539308789
0.0445,0.028535666538826877,95.130344006133
0.045,0.029134489259184503,95.65606991031947
0.0455,0.029261942464582184,95.77918775707563
0.046,0.030389582829450826,95.89310062925209
0.0465,0.02958300710093711,96.12951493940349
0.047,0.02922057872051466,95.71232046602006
0.0475,0.028787116552315837,96.09630292469258
0.048,0.027138213950880233,96.07252476525012
0.0485,0.02748474561345802,96.31364762852226
0.049,0.02779384359632344,95.93480266406661
0.0495,0.027817871502290665,95.38296732462588
0.05,0.0275736790933814,95.67772871396728
0.0505,0.026015710200013708,95.81527811876235
0.051000000000000004,0.02558155170797823,95.50738764247795
0.051500000000000004,0.02523547212488743,95.21415322693183
0.052000000000000005,0.024402677293106273,95.59860016113349
0.0525,0.02425705997380359,95.20524394167657
0.053,0.024702819111854624,95.75370033529549
0.0535,0.02671444078119806,95.4544515370733
0.054,0.0269257807620261,95.68098068946927
0.0545,0.02722889180325933,95.56943956054263
0.055,0.027165641842679666,95.78596420800774
0.0555,0.025063410961770064,95.5977136041935
0.056,0.025057657991096056,95.54644557205472
0.0565,0.025144028914719025,95.56410617305035
0.057,0.027786490844794662,95.22834553420753
0.0575,0.02758971128450241,95.49511082185329
0.058,0.027944323671337867,95.31690277387044
0.0585,0.02792348207890947,95.23926794389102
0.059000000000000004,0.026631552722429615,94.88922291701094
0.059500000000000004,0.02790268055753313,94.00578930389223
0.06,0.028763401178464314,93.9424747866382
0.0605,0.02968021025929995,94.80575096423352
0.061,0.028644723857012323,95.09609546129781
0.0615,0.030254414937447502,95.09296768340863
0.062,0.02863333761658698,94.99954074540224
0.0625,0.02931654155267889,95.01141616671165
0.063,0.03184848822847723,95.21423769012254
0.0635,0.03067488920560758,94.76939141068146
0.064,0.030023538488246872,95.1867580459543
0.0645,0.030154333018002858,95.45439909498512
0.065,0.029582612891129925,95.72440778972363
0.0655,0.027809108274353678,95.88966203703473
0.066,0.027904093565883276,95.90051177813967
0.0665,0.026731848394480832,96.1453746323809
0.067,0.02727117879810688,96.35724434328776
0.0675,0.02627174124739795,96.23512648553232
0.068,0.027977582350442964,96.03890977614269
0.0685,0.027116768364250872,96.07933819693142
0.069,0.02678032752722357,96.63119459433389
0.0695,0.027693217673363843,96.19691356116469
0.07,0.02633762591220559,95.67544808875567
0.07050000000000001,0.02660574731894771,95.73647929400997
0.07100000000000001,0.028056105333738927,95.7580777546657
0.07150000000000001,0.026267818835363072,95.82407753497078
0.07200000000000001,0.026489155114512174,95.91262898116676
0.0725,0.026793159600432874,95.8385554462274
0.073,0.02767144276835076,96.36500617715542
0.0735,0.026309632218765495,95.79502774916683
0.074,0.024893396016627916,95.51100287072623
0.0745,0.025468476967373293,95.4800304160644
0.075,0.025808211771014014,94.92398050643354
0.0755,0.02609944772320106,94.86781311286747
0.076,0.02649575557853012,95.44100079110625
0.0765,0.025773473212272854,95.45207403508198
0.077,0.026044937003309083,95.53494289539611
0.0775,0.02638314977688069,95.10431785739858
0.078,0.025625213295575617,94.89521794372978
0.0785,0.027650320733689303,94.77156907157404
0.079,0.028197389773162954,94.66340299651844
0.0795,0.026873153598750178,95.12274252932988
0.08,0.027614841489757163,95.32100389473223
0.0805,0.02654689270249976,94.93114165308995
0.081,0.027427341854790156,95.02019508383795
0.0815,0.02873335328013076,95.19930943243291
0.082,0.027817053766588155,95.61452620944866
0.0825,0.028913176639414465,96.18194967452767
0.083,0.029400647343397122,95.81457570489488
0.0835,0.030362104657925694,95.52052950317413
0.084,0.03259369644874857,95.05631078591627
0.0845,0.032307621105106286,94.97031114795874
0.085,0.03141033920293663,95.15212026091703
0.0855,0.03036568670216581,95.52823583489932
0.08600000000000001,0.02942649262221564,95.50378591394646
0.08650000000000001,0.029353629209918027,95.39043568688362
0.08700000000000001,0.029761688118287673,95.44971033934895
0.08750000000000001,0.030097251799979588,95.146025444863
0.088,0.03107476255804125,95.921071200177
0.0885,0.031103525470566926,95.3170566512062
0.089,0.03283650521331562,95.39031141560865
0.0895,0.03252553803146298,96.17628367203837
0.09,0.035827647674002205,96.1827680518584
0.0905,0.036628342163847555,96.10925219603561
0.091,0.0355329363945995,95.96607922241311
0.0915,0.034185484157978986,95.89694946775103
0.092,0.03479261699295096,96.44507899550476
0.0925,0.034520816578164144,95.5591895914319
0.093,0.0354189437392678,96.17179562853859
0.0935,0.036023267744780325,95.59934405081889
0.094,0.03593650681963875,95.49498058337149
0.0945,0.03486576048526778,95.32504505273886
0.095,0.03297599295654729,95.56310685162948
0.0955,0.03244260123225328,94.9467964755401
0.096,0.03348869853642401,95.12733131909638
0.0965,0.03376128606849572,95.91911858149071
0.097,0.03223516920361281,95.3857368362153
0.0975,0.03245539579086078,95.46219879467861
0.098,0.03293237202832784,95.21144788927145
0.0985,0.0318670039140298,95.37979967333693
0.099,0.032063289795458944,95.39090491344925
0.0995,0.032145114364115615,95.14971055034606
0.1,0.030782225951515328,95.33962071056929
0.1005,0.03121714875390066,96.0183177200237
0.101,0.03189498203952067,95.94973982914534
0.1015,0.033204666683816844,96.22936650775554
0.10200000000000001,0.034503005001803755,95.72612878602281
0.10250000000000001,0.032794608551076555,95.34968084397168
0.10300000000000001,0.031666139698695084,95.53589327638306
0.10350000000000001,0.032293450297077794,96.10389380479333
0.10400000000000001,0.032924373760763605,96.24506664679217
0.1045,0.03356190768246955,96.12666694986972
0.105,0.038306328623950614,96.13023298710641
0.1055,0.0390584083229456,95.60802227523175
0.106,0.040565303415645175,95.86726014027585
0.1065,0.041853395749245674,96.25204242490611
0.107,0.04274456627213358,96.05683180682044
0.1075,0.04230320093062136,95.85194136610063
0.108,0.043346915752819244,95.97298291847639
0.1085,0.042262534580510235,95.7816954903622
0.109,0.04193255306063478,95.75640879546819
0.1095,0.04126292566030506,96.68087994148566
0.11,0.04137259756751735,96.57626765906413
0.1105,0.04452881109961456,96.42272978211818
0.111,0.041878800946146294,96.13197309435485
0.1115,0.04281807228640049,96.46318541824557
0.112,0.04057523913188824,96.38615740092025
0.1125,0.039936676733241194,96.10809376956485
0.113,0.04139659536972227,96.679396046736
0.1135,0.041482233797064644,97.30767078298638
0.114,0.040007517403490234,97.04547779371023
0.1145,0.03904773532171215,96.23920409145363
0.115,0.03995002125070203,96.67148961054919
0.1155,0.03897081891870443,96.37955676594316
0.116,0.03925901196500353,96.71977676644116
0.1165,0.03932069552919956,95.87941885809765
0.117,0.03845495588505603,96.26272327556349
0.11750000000000001,0.04127757711173904,95.75533346041841
0.11800000000000001,0.04213962771645397,96.0770576429758
0.11850000000000001,0.0393476835102838,96.08719531421177
0.11900000000000001,0.03959676856344852,95.68447294963161
0.11950000000000001,0.038713980295919104,95.5150039450934
0.12,0.0398410338570219,95.80723844767807
0.1205,0.03878010907807672,95.85635234472517
0.121,0.03863036929989641,96.10686451296313
0.1215,0.03929823498964061,96.94551871295826
0.122,0.04045058599532151,96.27718942911912
0.1225,0.038830498792716196,96.98126601965124
0.123,0.038390081828276634,97.02973927753995
0.1235,0.03776824551352927,96.65154008325891
0.124,0.0369198635209081,96.09666426393208
0.1245,0.03920006717117882,96.02242419127305
0.125,0.03973914667054979,96.41806754416768
0.1255,0.03805340955016728,96.36710538645312
0.126,0.03925743287263858,97.00617339055853
0.1265,0.04207916653083894,96.3863686099106
0.127,0.04349678994457532,96.38487937258125
0.1275,0.04136586225655846,95.82579322413771
0.128,0.04070314642035201,95.98809748275464
0.1285,0.042416705861026874,96.37598443137334
0.129,0.041435381775543796,96.19309033701398
0.1295,0.0420392644456453,95.05671138485597
0.13,0.043101648980131045,95.14721687591971
0.1305,0.041806073446034424,95.34393046501536
0.131,0.04172171964511339,95.52398071857067
0.1315,0.03727791784913275,96.06696513227142
0.132,0.035955228627143634,95.62658982949188
0.1325,0.035640028967736305,95.90621320808684
0.133,0.03406636036868519,96.39284348920543
0.1335,0.03609641163106304,95.68913163519922
0.134,0.034279558406742315,95.82290337673892
0.1345,0.03374160095950783,95.62672366980759
0.135,0.03391209002599558,95.5985284287184
0.1355,0.035701672264546735,95.73921623605456
0.136,0.033888153716597064,95.5459615675685
0.1365,0.03533370717936535,95.28402904288113
0.137,0.035353610085835284,95.30151835897824
0.1375,0.03412258928307717,94.86968866350983
0.138,0.034704025356125566,94.44798953461856
0.1385,0.03496072872828628,94.71905339141783
0.139,0.03421544414727208,94.2679014849786
0.1395,0.03431073451186511,94.53147145144952
0.14,0.033840488852450265,94.71637582665079
0.1405,0.03398981155881839,94.04777556478695
0.14100000000000001,0.03481771453264494,93.78883833648432
0.14150000000000001,0.03681073325263795,94.25987334815227
0.14200000000000002,0.03522239378679283,93.86687141923206
0.14250000000000002,0.03791498713790775,93.68768849442135
0.14300000000000002,0.0353682856317084,93.8799190064533
0.14350000000000002,0.03518374483940772,94.19294792370178
0.14400000000000002,0.03593123698722639,94.0973400892304
0.1445,0.03629464266249287,93.86279316710605
0.145,0.03550439682229395,94.43528572276072
0.1455,0.03524807354972775,95.13094969312853
0.146,0.0346343013926677,95.52568065102713
0.1465,0.033906577299473134,95.5634172974966
0.147,0.03496517240355491,95.24920637676067
0.1475,0.035420552546475484,94.92228544767678
0.148,0.0345526182454446,95.13480945532487
0.1485,0.03568253943753996,95.3040602737158
0.149,0.036078415691205665,95.87209173337854
0.1495,0.03712002881915252,96.14078572618054
0.15,0.03793810631127548,95.52207452345105
0.1505,0.036858030709910644,95.9635391123989
0.151,0.03614130281934694,95.55621444625054
0.1515,0.03710010518138726,95.40406543755397
0.152,0.037893110268423257,95.51068964917512
0.1525,0.03786897669079544,96.34417989674353
0.153,0.03802533395540771,97.65180457446036
0.1535,0.03969961644590808,97.91405102721161
0.154,0.038909376425132536,97.83805032100045
0.1545,0.03963494478383172,98.07262381037228
0.155,0.03936546315086038,98.46408653911969
0.1555,0.03907669069168802,98.32794525608851
0.156,0.0405351262992059,99.11213316026749
0.1565,0.04164911880651872,99.21875475147881
0.157,0.04276035448157924,99.44808873634182
0.1575,0.0445671233841643,99.75828198582525
0.158,0.04459001758404398,99.96080320020222
0.1585,0.04554913784759141,100.36077385544148
0.159,0.04509661104273998,100.06915561706873
0.1595,0.045550757849115296,99.80786514387705
0.16,0.045356105028154826,99.28783349693957
0.1605,0.045486643609584036,99.499611453004
0.161,0.046329904066745115,99.87320712004762
0.1615,0.04513898079877891,100.0972486904446
0.162,0.048113386053011194,100.89753331136801
0.1625,0.04662093314209215,100.89879986376889
0.163,0.04485233766240359,101.22861239572994
0.1635,0.04649037370322823,100.70932087000044
0.164,0.04762569738198924,100.52539201734598
0.1645,0.048527940487267274,100.8706076435177
0.165,0.04944368875922795,101.2965385474782
0.1655,0.04941125554793403,101.15253184182141
0.166,0.0480592043742047,101.12057954387791
0.1665,0.048158593746717895,100.37222488149581
0.167,0.04714949268977745,100.20039105945132
0.1675,0.048559142452052416,100.63758054436089
0.168,0.0483289192307911,100.9268414045022
0.1685,0.04709904798580355,101.1792736119977
0.169,0.04662051447909678,101.20775972702847
0.1695,0.04720868226286088,101.21525936597342
0.17,0.046376224371989364,100.89459687662436
0.1705,0.04517886311049524,101.2381571966717
0.171,0.045518556279100286,101.444765500526
0.1715,0.04586087473754498,101.68694041272198
0.17200000000000001,0.04512382300964506,101.4348629033164
0.17250000000000001,0.04444491644348487,100.40141962026502
0.17300000000000001,0.04476641897994345,100.924717336035
0.17350000000000002,0.04270396428954968,100.70011715456316
0.17400000000000002,0.040748817102265925,100.30268078560529
0.17450000000000002,0.03977481938644392,100.62066300263918
0.17500000000000002,0.039489594950979916,100.44878356989366
0.17550000000000002,0.03990481699325186,100.92589920724288
0.176,0.041882001377101304,101.20809301869704
0.1765,0.043056607935965045,101.52873085330874
0.177,0.04282939529149129,100.88931877232935
0.1775,0.042798751367655014,101.45918140190363
0.178,0.04140325925245082,101.58585631785827
0.1785,0.041375884464157395,101.41923766856854
0.179,0.04097994015460352,101.48943885796243
0.1795,0.041416714124687254,100.6774949877905
0.18,0.04028525909685133,100.86874530944361
0.1805,0.04098408778300051,100.40677906338111
0.181,0.04306413878642186,99.79597584743343
0.1815,0.042908139769568567,99.09499377305461
0.182,0.0434619785532519,99.60967433366199
0.1825,0.044421948697072125,99.32146307673916
0.183,0.043848047958232036,100.04335448972851
0.1835,0.04415705700561849,99.79636861874019
0.184,0.044168572094389555,98.9997442541202
0.1845,0.04430002472181735,98.48425395939609
0.185,0.04320215135723474,99.0609973535846
0.1855,0.04323152287993559,98.99318343436316
0.186,0.04392127495213287,98.74479581452124
0.1865,0.04595550555088265,98.82279237969558
0.187,0.04732605502174168,99.06444388540555
0.1875,0.05045729066636226,99.60687603508453
0.188,0.04928533185291108,100.33555412368833
0.1885,0.050570499857283034,100.16037414590933
0.189,0.05083122161485252,99.49651552850547
0.1895,0.054126869813815,99.29310096848094
0.19,0.05284418788703772,99.43152002060836
0.1905,0.05153000941067065,98.94291803700864
0.191,0.05059997293776898,98.46616897508338
0.1915,0.04737917219108493,98.64037747027143
0.192,0.04660041778635091,98.62096499693958
0.1925,0.0454912105497591,98.64052272245569
0.193,0.04569815274020332,98.2876419026024
0.1935,0.04617969083407546,98.1833261110944
0.194,0.048875028181056865,97.75120996922597
0.1945,0.05027122215470764,98.18528739252532
0.195,0.04938811597643087,98.69882264282009
0.1955,0.04803468306238008,97.797279684905
0.196,0.048745862765735226,97.35569567766225
0.1965,0.04677738819043787,96.64030580828279
0.197,0.04942440462814611,96.34036941923777
0.1975,0.051169215521223554,96.3042628240952
0.198,0.05044051725812654,95.6019655521327
0.1985,0.04784385953271809,95.16319466237475
0.199,0.04981863270287529,94.69971559690558
0.1995,0.049632406875764264,94.801466214266
0.2,0.05146784495113771,94.8380069472965
0.2005,0.049024150040616755,94.49457248604861
0.201,0.04812036801351626,94.58107606046268
0.2015,0.04811590375148481,94.33123727260632
0.202,0.04817286029779106,94.2093199404417
0.2025,0.047497952583467146,94.98682532369439
0.203,0.04839730455869524,95.61112227304189
0.20350000000000001,0.0468091530519552,95.00371281086936
0.20400000000000001,0.046592297098864935,95.38886759541184
0.20450000000000002,0.046756594624803256,95.76625394437694
0.20500000000000002,0.04749267037540609,95.23839223623332
0.20550000000000002,0.0485217456766177,95.6221954121743
0.20600000000000002,0.04684712462262069,96.35037124612299
0.20650000000000002,0.044609417043510374,95.8307652024899
0.20700000000000002,0.046412761217373255,95.41934747770118
0.20750000000000002,0.046883398976165114,95.8909462213251
0.20800000000000002,0.045785898032600976,96.02082943110418
0.2085,0.04800373854452228,96.27803324358179
0.209,0.04816174585528144,96.44253433031649
0.2095,0.04988562679064275,96.63129488129334
0.21,0.04997196017167306,95.9949999664147
0.2105,0.053047257251916925,96.50138511032613
0.211,0.05573974566961861,97.0865228625887
0.2115,0.05532183715585466,96.97283474992226
0.212,0.05683180823142412,96.95453974422966
0.2125,0.0578386438672267,96.1670934970024
0.213,0.06001990007717659,96.43688948604371
0.2135,0.058404076277065314,96.742961581458
0.214,0.05948867435949942,96.71431855633253
0.2145,0.061191183711851206,97.31124318629371
0.215,0.05824094733144198,97.13531508356712
0.2155,0.05629800672357578,97.4351528528987
0.216,0.05302777701020946,96.91193642664797
0.2165,0.05259206936364996,96.90406001714763
0.217,0.05367704093407475,96.8212959363129
0.2175,0.0559914544845997,96.93818132890189
0.218,0.05608508014553777,96.7525249832596
0.2185,0.05864826275264892,96.68903444195094
0.219,0.05637824266014893,97.1254105063194
0.2195,0.05364052289171894,96.90406839032171
0.22,0.053533760510661596,96.10168460406702
0.2205,0.0541095684486773,96.97541930232931
0.221,0.05403738634761872,97.67611759568119
0.2215,0.05079239153368691,97.0239226335722
0.222,0.050641467781496974,97.36503522140274
0.2225,0.048656289702856875,97.12250334425731
0.223,0.04963422447873631,97.25260991151497
0.2235,0.0501676554290918,97.39904606132389
0.224,0.048740222605293856,97.28859531477228
0.2245,0.04796608421168093,96.91606318935187
0.225,0.046397965560804416,96.59219383064398
0.2255,0.04629779984470138,96.16980892730771
0.226,0.04766700472101782,95.78876765580277
0.2265,0.04621182261653266,95.76118417752764
0.227,0.04692936932242554,95.43554265190753
0.2275,0.04614839917241551,95.75466810783516
0.228,0.04499659263682998,96.44257709622924
0.2285,0.044836796641949915,96.18108944943842
0.229,0.04335903963592974,96.2939612405765
0.2295,0.04258064261172031,96.52185027857416
0.23,0.040918617458676955,96.73592476457316
0.2305,0.04358329102608545,96.77302885585803
0.231,0.04362730077848529,97.1124074754283
0.2315,0.04264143763084886,97.3350228959377
0.232,0.04293388706236664,96.78266343057898
0.2325,0.042773353276486396,97.17627963740371
0.233,0.04246262622478194,97.5789141365083
0.2335,0.04330790933038523,97.2396295532355
0.234,0.04436043906036513,97.26068574505908
0.23450000000000001,0.04360436584337677,97.57758032204987
0.23500000000000001,0.04279236218296146,97.48611646571185
0.23550000000000001,0.04240648984946204,97.97385587650203
0.23600000000000002,0.03922298448566611,99.04421234252193
0.23650000000000002,0.037211149082248804,98.7034280987653
0.23700000000000002,0.038984102364969006,98.11939768383331
0.23750000000000002,0.04116437623363333,98.25493521985324
0.23800000000000002,0.04082368467262792,98.58050841635848
0.23850000000000002,0.041603905233285325,98.48162802893049
0.23900000000000002,0.042027375096462746,99.13832316877637
0.23950000000000002,0.046258474548802,98.53395005614264
0.24,0.04786439381135389,98.86625030698703
0.2405,0.047664863273202934,98.57717486895942
0.241,0.04625392526410351,99.40854914537665
0.2415,0.04392690013672132,100.36506875352337
0.242,0.0442070705782327,100.00847670004127
0.2425,0.04313397874518617,99.7540841639463
0.243,0.04114778226935265,100.15628760331525
0.2435,0.040266234253541304,99.9844229516667
0.244,0.03880996501002799,99.96804951532542
0.2445,0.04104136274211423,99.98322853918044
0.245,0.04223794274516286,99.11776640683307
0.2455,0.04222359425772101,99.11542803131013
0.246,0.04426025422702344,98.80528278255969
0.2465,0.04436305219643175,98.5800283392669
0.247,0.0431395836443752,99.25422822063935
0.2475,0.045257041063835185,98.67898729871767
0.248,0.04601822504518176,99.06466148004384
0.2485,0.044516564766067926,98.93606324397379
0.249,0.044240392067663004,98.80943778020138
0.2495,0.04299856619434432,99.18069309653342
0.25,0.041070566840681715,99.34104117111472
0.2505,0.0423280773128627,99.60188914938917
0.251,0.04495983160997713,100.04950745320572
0.2515,0.0429630837686131,99.89634845642567
0.252,0.04374141720117658,99.6168778225198
0.2525,0.04282296403774486,99.11532387761683
0.253,0.04214251368902623,98.74072896935103
0.2535,0.0413235123728726,100.08136714807289
0.254,0.04014334078994131,100.65160240415118
0.2545,0.04020834091057552,100.0463838438329
0.255,0.03909029227636117,99.45715126911693
0.2555,0.03945036285549468,99.67300558002665
0.256,0.039384250495924984,99.919254652279
0.2565,0.03906706872541248,100.1666263982915
0.257,0.037865126970382114,100.05776310944411
0.2575,0.03711544257083745,100.00714677600673
0.258,0.03809600697118492,100.15240330679558
0.2585,0.03875472413044689,100.19395369413314
0.259,0.03746564064698937,99.21913673519607
0.2595,0.037598419507563215,99.12442158940664
0.26,0.038579382415861764,98.76246551847744
0.2605,0.036381903392567166,98.84241660776446
0.261,0.037082573790635086,100.10486990487847
0.2615,0.0362309806164155,100.26727615722409
0.262,0.03696521382638184,100.13748474773652
0.2625,0.035985358556680676,100.53833048707307
0.263,0.03369460784712504,100.74819970618044
0.2635,0.03169996873409476,100.92594950006857
0.264,0.031769849573918624,101.17382322216022
0.2645,0.03209273899328148,102.00714533542804
0.265,0.031017848595812733,101.54912266045251
0.2655,0.031785781230689744,101.74259690067571
0.266,0.029810963355281578,101.37092095089847
0.2665,0.029749711401534536,101.59238620509879
0.267,0.02836389503102162,101.2364893712056
0.2675,0.02764492574459555,101.081419506027
0.268,0.02771632480476884,100.97456611604015
0.2685,0.02677384360800379,101.34540826324316
0.269,0.026371577649661058,101.69002868429925
0.2695,0.02748824270831105,101.23410357405223
0.27,0.026865395853997238,101.25877003133097
0.2705,0.027803957412788627,100.99948115947198
0.271,0.026558605764314142,100.529593139925
0.2715,0.02715796214575266,100.45411280591097
0.272,0.028770864998996996,100.34393987165974
0.2725,0.025975362884012292,101.2715275293485
0.273,0.02513483432031067,101.4335942850998
0.2735,0.02577085785166906,100.94227731731361
0.274,0.02557354434613113,100.74167184677258
0.2745,0.025993333694480106,101.1136426694416
0.275,0.025361117584348274,101.87897406651554
0.2755,0.02547557918628684,101.30767239143601
0.276,0.025330682014491332,100.63200515967772
0.2765,0.026599470789134622,101.30608516492495
0.277,0.0268979242858294,101.45408081769484
0.2775,0.027289002716457598,101.13508129955041
0.278,0.026851646135618256,101.33885207764664
0.2785,0.026335373399064315,100.36420406646526
0.279,0.025884979182571773,100.36944797614365
0.2795,0.026331872137864514,100.49183433487097
0.28,0.025894112998860477,100.8328739251341
0.2805,0.026228072356561365,100.46904851917036
0.281,0.028503444048102074,100.50424298257722
0.28150000000000003,0.029507275580574668,100.15714028013734
0.28200000000000003,0.029147333208467963,100.25939479774767
0.28250000000000003,0.030539319461258978,99.92071587079552
0.28300000000000003,0.030075126840240895,99.76536796955968
0.28350000000000003,0.027718964174780213,99.38410438550585
0.28400000000000003,0.02661150477345488,99.62899389347906
0.28450000000000003,0.024584358355335165,99.94495494377068
0.28500000000000003,0.024237757782033055,99.86673957028276
0.28550000000000003,0.024280636663410834,99.88402798063441
0.28600000000000003,0.026056576834349025,99.38387656852463
0.28650000000000003,0.026431502533642088,99.28035092033907
0.28700000000000003,0.02621290331356308,99.26620235563145
0.28750000000000003,0.027134388927588945,100.21201208522903
0.28800000000000003,0.024710360314546598,99.80557391514981
0.2885,0.024981749874720797,100.32322287539657
0.289,0.025821604768849298,100.68068869749438
0.2895,0.02424903305309256,100.78623947659273
0.29,0.025467434463066763,101.40744202928056
0.2905,0.02585160388154419,101.54615053704407
0.291,0.025424907671289333,101.69228798680388
0.2915,0.02612361647710733,101.67709524213441
0.292,0.028606392797617168,102.13079017831534
0.2925,0.02882982629837694,102.5583912841585
0.293,0.029129307114952496,102.31886539257381
0.2935,0.028619686284426512,101.80781019909118
0.294,0.0276723103629757,101.73371016564276
0.2945,0.02861738150624262,101.4350299564165
0.295,0.02766296731099755,101.41471319657852
0.2955,0.027761320819533492,101.88549240159038
0.296,0.0272457997965991,101.71597962658522
0.2965,0.027795294146426792,101.70397126898858
0.297,0.028186764380407785,101.73003862061383
0.2975,0.0293729976284821,102.05812892228265
0.298,0.0288025778670387,101.18341453841586
0.2985,0.02851212923812332,100.95450034020666
0.299,0.027420699602614385,101.039074786037
0.2995,0.026946036632276356,101.492092682317
0.3,0.027381088923874,101.3129025104952
0.3005,0.02824029136364253,100.61350073350775
0.301,0.027218370757601026,100.85182153905184
0.3015,0.028199952493268975,100.6194698501179
0.302,0.029744775972314456,100.17400828085094
0.3025,0.030238479034922945,99.93681912293003
0.303,0.032442411118433906,99.86911207261798
0.3035,0.031518803753402616,99.62986134645281
0.304,0.030049212250430456,98.76151924797085
0.3045,0.027995757851557664,99.10888039218263
0.305,0.029692942572820326,99.58557272418275
0.3055,0.030464806387495002,99.83955448775147
0.306,0.030414027235412366,99.400236428806
0.3065,0.03075593732833833,99.32610971302776
0.307,0.02944573016668523,99.32754267326081
0.3075,0.03227689498411586,99.55973045648443
0.308,0.03244421450303311,99.8310210945513
0.3085,0.03258772994612272,99.53981319646999
0.309,0.03347772981191486,99.57674052356758
0.3095,0.034077901416898676,99.76701958017257
0.31,0.03436403087990905,100.37054837275528
0.3105,0.03338950151629358,100.66767167134232
0.311,0.033977332008279564,100.99625329944486
0.3115,0.03631352559362781,101.03518844651454
0.312,0.03803893614728029,101.64645867573911
0.3125,0.04012630666411526,101.83216974844645
0.313,0.03943916738448375,101.44347866361558
0.3135,0.03812165497763967,102.07972285347505
0.314,0.03795972166425532,102.39483841441145
0.3145,0.03803561323052418,102.20129574987527
0.315,0.039470071214999396,101.99167674779713
0.3155,0.03721527791224602,102.13013158470949
0.316,0.03919884174736724,102.33827488192993
0.3165,0.03899018734907318,102.43175446813244
0.317,0.038426256487128344,102.57664714786401
0.3175,0.03709771657303261,103.34508842583416
0.318,0.03496390984597132,103.82615602536356
0.3185,0.036004002103652906,103.91306626603426
0.319,0.03610331982465009,104.33223750019427
0.3195,0.03446495829966825,103.87871469436585
0.32,0.03286042073388278,104.05446455904423
0.3205,0.032462807219414754,104.8217494653571
0.321,0.03449137000794348,104.73385978099337
0.3215,0.03417622425293088,104.36938094623925
0.322,0.0323208625950448,104.0922186580243
0.3225,0.032036014878881545,103.64042417732092
0.323,0.031720508460160814,103.31905454261155
0.3235,0.02851082766488172,103.17073527858214
0.324,0.02846656215643662,102.62734461601036
0.3245,0.028222488157602248,102.63749685378284
0.325,0.029024742849028586,102.9894817231394
0.3255,0.03115429111761145,102.63745267124524
0.326,0.03250145411283659,103.25700245875684
0.3265,0.032187517167885586,103.4737507607797
0.327,0.030867519998145614,103.90568981881692
0.3275,0.033914115559703285,103.64131662073966
0.328,0.033996400971234214,104.01016000315694
0.3285,0.03402263504039909,103.54607493637306
0.329,0.034001750071627236,103.93041788860147
0.3295,0.03425577106973079,104.00821292252381
0.33,0.034085153063910405,104.2505184829506
0.3305,0.03338355660252946,103.7487433565696
0.331,0.03272321420880724,103.37349876883744
0.3315,0.03269438380165928,103.62735899227202
0.332,0.032046195246453496,103.23416275306231
0.3325,0.03120209379792051,103.429704987098
0.333,0.031341404603969836,102.87532767806599
0.3335,0.03105158483351154,103.22485716044382
0.334,0.0328428526990838,102.7276762083065
0.3345,0.029630802372606804,102.96170062797135
0.335,0.030906744661002808,103.21376139805486
0.3355,0.03238992187902636,102.93518083002381
0.336,0.02989815598626451,103.18039789455754
0.3365,0.029515818172169,103.28842518594703
0.337,0.029103466006977424,103.0787480122295
0.3375,0.027509051589393322,102.6862956036147
0.338,0.026662379181798267,101.94296917907293
0.3385,0.02546590853306318,102.07719124895064
0.339,0.027363511606645748,101.51130314197125
0.3395,0.02842075658218119,101.55116331137775
0.34,0.0298761266748371,101.45437371333537
0.3405,0.03072808671522976,101.72473669639564
0.341,0.02941433152133618,101.60837096634985
0.3415,0.02882675067304199,101.48406026590055
0.342,0.02940088298981206,101.77009751150455
0.3425,0.02801104792105578,101.90490739077099
0.343,0.028829527980780343,102.02955549923453
0.3435,0.028572552241731795,102.21541844952228
0.34400000000000003,0.028164678209023717,101.62624558727283
0.34450000000000003,0.02898282514945593,101.9189249786565
0.34500000000000003,0.02950671189312044,102.16062784672893
0.34550000000000003,0.029106509455919354,101.76576784446908
0.34600000000000003,0.030449658422955505,101.67508070843607
0.34650000000000003,0.02919852340314004,101.66355348590592
0.34700000000000003,0.029920753760881526,101.61537528064727
0.34750000000000003,0.030624083245493643,101.75065838637153
0.34800000000000003,0.030274764947379285,102.32463635938005
0.34850000000000003,0.03067001646257479,102.7593939912119
0.34900000000000003,0.029214205497572206,102.23546059232373
0.34950000000000003,0.030289852490381703,102.48261524771084
0.35000000000000003,0.030088545487910803,103.01672810069641
0.35050000000000003,0.029495167763503253,103.17540602044559
0.35100000000000003,0.03071946493065751,103.61180153016507
0.35150000000000003,0.029905257275588192,104.43306893516271
0.352,0.028286501372486627,104.8506492041489
0.3525,0.026547843042574293,104.9531499025027
0.353,0.02723039124623479,105.35696889602818
0.3535,0.025832157439726652,105.41750894351458
0.354,0.02774537282771718,105.43078153700874
0.3545,0.025437445027763697,105.2970025892966
0.355,0.027274326748727352,105.88831378396668
0.3555,0.027527192205459912,105.57251917280503
0.356,0.02743826169401406,106.17691975404345
0.3565,0.026851600918398697,106.37774957302521
0.357,0.027310068712693515,105.83658143756945
0.3575,0.02728738247221335,105.98460068067938
0.358,0.02852904341347957,105.16672333538695
0.3585,0.0286756757201247,105.41938047863906
0.359,0.02886339901440258,105.7769586833537
0.3595,0.028465705148999414,105.54315928081016
0.36,0.028418555899336152,105.59657484625531
0.3605,0.028784007504915575,106.3786478663699
0.361,0.026854482288622302,106.17880058996968
0.3615,0.025392145718889703,105.77105528049731
0.362,0.0262085670304595,106.33369343175978
0.3625,0.02641481322099981,107.09339812551474
0.363,0.026234601351881954,107.09912021242468
0.3635,0.026275278552752815,107.49574017350272
0.364,0.02667381779432388,108.02271629444454
0.3645,0.026102450687283757,107.73413008804283
0.365,0.025279774715744746,107.5495557596408
0.3655,0.02551073940728414,108.02450334074092
0.366,0.0244842057520773,108.67891267952717
0.3665,0.02493600664227556,108.8972972911077
0.367,0.023155052759373837,108.56334959902178
0.3675,0.024230854395347366,109.30170276071503
0.368,0.024748002281706236,109.10406755294102
0.3685,0.025041068701055998,108.9798084866937
0.369,0.02610666405365191,109.11617936315432
0.3695,0.027932681593127374,109.73324091772471
0.37,0.029088040560440457,110.08783753335128
0.3705,0.026998266692812894,110.26641728147574
0.371,0.025607374771389173,110.45852079985661
0.3715,0.02495824144987026,110.48013811052508
0.372,0.025008454703531222,110.70238795824928
0.3725,0.025580095162043907,109.71659896185965
0.373,0.024823077907528544,109.60460437460468
0.3735,0.025043237163195727,109.70217192924693
0.374,0.024263775179692595,109.2597467089499
0.3745,0.02364838880041517,109.4111367203403
0.375,0.022221818990906816,109.3385860409336
0.3755,0.021325261392570065,109.98275788187208
0.376,0.020029149046774674,110.55208240517902
0.3765,0.019132636261936196,110.3935419220721
0.377,0.020141594623707095,110.3464554363271
0.3775,0.0192675207037679,110.3249743970449
0.378,0.02174975930967396,110.1747256598245
0.3785,0.02226518022313078,110.24998992583767
0.379,0.02247679714451803,109.97546207205842
0.3795,0.021639821551357477,109.56302733405467
0.38,0.0223584338992277,109.7918303714041
0.3805,0.021807496923947043,110.02731774311805
0.381,0.021955651618614257,109.73949541780317
0.3815,0.024527401379034582,110.06943417239559
0.382,0.02444969099429453,109.83039001395024
0.3825,0.025678513839462912,109.93200158898539
0.383,0.024944111461545578,110.25953840193358
0.3835,0.024929625900699155,110.25086037492724
0.384,0.026827803747638625,110.43227678056019
0.3845,0.0261586820996437,110.22781989443016
0.385,0.028145880346185096,110.15390897762897
0.3855,0.028960177960324855,110.07324774522895
0.386,0.02833463610474986,109.76493994352094
0.3865,0.029066239444351032,109.69629634457652
0.387,0.030194921307623926,109.05307086977994
0.3875,0.03093445011952169,108.84931610877419
0.388,0.02909541599188034,108.73171862324857
0.3885,0.028279750711701666,108.62982537722482
0.389,0.028018107597831077,108.53552344948177
0.3895,0.027952502107541154,108.5147741502843
0.39,0.02866668487816713,108.71361485394564
0.3905,0.028885514454410885,109.0778999639832
0.391,0.027379748284639696,108.81291226786776
0.3915,0.02782069633692681,108.3328489913516
0.392,0.028522148079862687,107.91615002536797
0.3925,0.029173559918869114,107.72191550431123
0.393,0.03042813575841635,107.58143745130285
0.3935,0.03141831293974743,107.26263210397227
0.394,0.03197717048885945,106.71590056073717
0.3945,0.03190503591940126,106.52553728182302
0.395,0.02992698491075491,106.60698978271334
0.3955,0.030440657875136643,106.85663489592656
0.396,0.030698073975731082,106.62852932673098
0.3965,0.031031223089065807,106.46026561013481
0.397,0.029535947784066926,106.0759172485101
0.3975,0.028305322264004232,106.06734440818823
0.398,0.029511453310282112,105.73304236463524
0.3985,0.029481602948829542,105.9700499981926
0.399,0.0302823415952552,105.24769334577668
0.3995,0.030329975531345484,105.10462187746205
0.4,0.03037924369807636,105.23206960888906
0.4005,0.0314907312356104,105.31167495136854
0.401,0.030889188830132114,106.44125571772464
0.4015,0.031016180321785578,106.59183821506721
0.402,0.03048351969078112,106.17463793259688
0.4025,0.02998890335065486,106.13931372931147
0.403,0.02964476089284712,105.41352248269972
0.4035,0.029916857223058795,105.38502838710095
0.404,0.02937649765104166,105.04969973408487
0.4045,0.030836247974800286,105.42244298555048
0.405,0.02979616626555795,105.19917718584963
0.4055,0.02959508566776557,105.15597256845889
0.406,0.029103231422716005,104.9030896098305
0.40650000000000003,0.030775494307388757,105.6031208542727
0.40700000000000003,0.031020639984207087,105.47426962498666
0.40750000000000003,0.03225322747411496,106.23971598817191
0.40800000000000003,0.030475135621322598,106.59131282305536
0.40850000000000003,0.030802154754277722,106.79615609085594
0.40900000000000003,0.03186333715963799,106.95496880722645
0.40950000000000003,0.031974071868611245,107.12736117926524
0.41000000000000003,0.03326416912000998,106.30595508039634
0.41050000000000003,0.03264138411239686,106.18929972120621
0.41100000000000003,0.0343605036228643,106.55611401005879
0.41150000000000003,0.03722757835960002,106.53878007253896
0.41200000000000003,0.03676211104344462,105.8971493074468
0.41250000000000003,0.03619396520837234,105.87759282562203
0.41300000000000003,0.038054507442489754,106.64937253818893
0.41350000000000003,0.040124465182870356,107.23370142551758
0.41400000000000003,0.03942169760567797,107.20820967591948
0.41450000000000004,0.03886291527488136,107.66536049137494
0.41500000000000004,0.0384919794074842,107.49572249141055
0.41550000000000004,0.03672479997522036,106.69649958694797
0.41600000000000004,0.035548747913196066,106.27809315762379
0.4165,0.03428539762588081,106.982619858968
0.417,0.033340278752368946,106.86553445342491
0.4175,0.033307783770893766,106.7636152495083
0.418,0.033604565432000334,106.63724822255593
0.4185,0.03552083637197884,107.47383532510263
0.419,0.03426534275781808,108.21457688907365
0.4195,0.03549622603627371,109.21273660258625
0.42,0.035232530766342654,109.14392889110344
0.4205,0.03517739963879416,109.28371904581529
0.421,0.03603366882919669,108.59297713878979
0.4215,0.03460995841449923,109.27809366035929
0.422,0.035095282280043286,108.75160537753138
0.4225,0.035311819370692034,108.85470959580995
0.423,0.03593961998353258,108.357162100672
0.4235,0.03631345336801149,108.09100935161722
0.424,0.03945764570802635,107.70970375357362
0.4245,0.03860866166323791,107.42319507689912
0.425,0.03791084114830094,107.17303579006531
0.4255,0.037100069422723585,106.92149606756277
0.426,0.036386691478480206,107.30953004686181
0.4265,0.035576504657581436,106.80811081362744
0.427,0.03708758307446381,106.91173157861573
0.4275,0.038927065747675106,107.47674264800666
0.428,0.03817327826130709,107.23770429540726
0.4285,0.03708509338572196,106.90564675543723
0.429,0.03769845531642898,106.80380165712955
0.4295,0.036982653178664164,107.35510784820865
0.43,0.03780369053306371,107.44901058320764
0.4305,0.03807165497170653,107.20515283191533
0.431,0.03609058696935738,107.43576795461726
0.4315,0.03806858021414134,106.93699635550175
0.432,0.04042201031811174,107.25916074605882
0.4325,0.03959490947422642,107.46048207568431
0.433,0.03907800146618249,107.31760549931097
0.4335,0.03945846720177358,106.92409373988909
0.434,0.03990495255765693,106.50725828417643
0.4345,0.0407875746447693,106.76595722498342
0.435,0.04350978709841253,107.3627802258646
0.4355,0.043256926489580544,107.047934599213
0.436,0.042138262891659846,107.28042045500504
0.4365,0.04023568642767794,106.25699866101188
0.437,0.039251802526991,105.98262384116987
0.4375,0.03920889795316753,105.97228051124114
0.438,0.041593809000828874,105.54968454556767
0.4385,0.04088326976778556,105.10312405514415
0.439,0.04118548475097983,104.79000152210921
0.4395,0.0411613487740171,104.93313921645533
0.44,0.04277698366727506,104.84816063736216
0.4405,0.0462787621055934,103.76703945499679
0.441,0.04550324600668512,102.71263237018223
0.4415,0.04479462295018944,102.41942214529284
0.442,0.04626990341527298,102.64536331194124
0.4425,0.04724444356116193,101.2929931663912
0.443,0.04992622560659075,101.051022089518
0.4435,0.05078658212341955,100.7893709422507
0.444,0.050227241465511364,101.49853280794702
0.4445,0.05109989388602732,101.30675348752119
0.445,0.05276449175644074,101.50692476329208
0.4455,0.05400963381753556,101.58463321056145
0.446,0.054779451856937014,100.46397838937861
0.4465,0.05643202150249042,100.87190508163572
0.447,0.05827071890076018,100.99135347663315
0.4475,0.060481464155808747,101.27246197767374
0.448,0.06152094929264508,103.46308651420672
0.4485,0.061210606145886366,102.27130209805806
0.449,0.06142228533696751,103.25120201304208
0.4495,0.06339600811416723,103.09085638923975
0.45,0.061981085723438495,103.26174906112266
0.4505,0.06256382598926137,103.23971684499833
0.451,0.061869994272187416,102.99888296825534
0.4515,0.06188515223582548,102.67656162521106
0.452,0.06398578138413723,102.86886732885665
0.4525,0.06427407255771203,101.9902152585128
0.453,0.0643166354415988,102.42826308657327
0.4535,0.061966706414648166,102.19061231908401
0.454,0.06317991083506963,101.55189338055263
0.4545,0.06423352300399851,101.29910079333598
0.455,0.06787502929109421,102.0248553953768
0.4555,0.06729531967963774,101.71075724202429
0.456,0.06763574168131024,101.92630956155746
0.4565,0.06802936135786777,101.4971243849051
0.457,0.07074732924556262,101.94983808440107
0.4575,0.07053117501484718,102.36957674410236
0.458,0.07098246767905675,103.49747790704559
0.4585,0.0720224482532769,103.39336836875707
0.459,0.07231036336160836,103.81237559819779
0.4595,0.07145658721484169,103.87774335100669
0.46,0.07175744343691025,104.68651818911111
0.4605,0.07363908646996647,104.23995446923792
0.461,0.07171998681414687,104.71535390457133
0.4615,0.07191128637822311,104.59745384167222
0.462,0.0706039785992278,104.56137904546104
0.4625,0.07268820060305928,104.62256332092957
0.463,0.0698843598092393,104.78584337982356
0.4635,0.06884836511925246,104.71804148168412
0.464,0.06946904724051231,104.8541506277187
0.4645,0.07219281550125725,105.83357195707087
0.465,0.07202601744315881,106.46440459410567
0.4655,0.07097843872435335,107.02396763082011
0.466,0.07429394650993816,106.73780931980517
0.4665,0.07159488529048154,106.163584116522
0.467,0.06760079255528079,106.77462511635316
0.4675,0.06832683959795607,107.32271745327786
0.468,0.06740400505372078,108.25081038459969
0.4685,0.06558431713745577,107.87557903651994
0.46900000000000003,0.06676284967701852,107.73809188355655
0.46950000000000003,0.06714528513365021,106.7218639714029
0.47000000000000003,0.06612405350727081,106.48344174350098
0.47050000000000003,0.06387635814543054,107.09787669715445
0.47100000000000003,0.06531972190290258,106.81981354386862
0.47150000000000003,0.0663964889610433,107.2150752247193
0.47200000000000003,0.066185465024684,107.10168035515552
0.47250000000000003,0.06933309170756784,107.30562119383808
0.47300000000000003,0.06739894881099887,106.58480510912062
0.47350000000000003,0.06470109116874621,106.64179083426647
0.47400000000000003,0.06348341866400095,104.8317761851814
0.47450000000000003,0.06337114435053877,104.72558485997637
0.47500000000000003,0.06374701451579406,103.76861043293097
0.47550000000000003,0.06330281277031198,104.47928410765815
0.47600000000000003,0.06386205324134892,104.9404202827244
0.47650000000000003,0.06170461754484431,105.2213503170163
0.47700000000000004,0.06407787147065856,106.11451196146818
0.47750000000000004,0.06390225470033029,105.54879988623487
0.47800000000000004,0.06576106672763557,106.5955302726935
0.47850000000000004,0.06631199720331672,107.16958247598075
0.47900000000000004,0.06706154178805493,107.0278919835634
0.47950000000000004,0.06801073370403993,107.73597725937792
0.48,0.06875194953510565,107.04525461395646
0.4805,0.06983932650003459,106.53205704340238
0.481,0.07215087031664523,106.1531938028923
0.4815,0.07245675253782612,105.82017108591516
0.482,0.07368831576388551,105.15144879073182
0.4825,0.07347437623661351,105.93630335271354
0.483,0.07604278209354222,105.77433226953751
0.4835,0.07473749724552137,106.0084741292391
0.484,0.07798813475907258,105.64310988572899
0.4845,0.07785592238311835,104.44630031046147
0.485,0.07512105904253033,104.62646488591463
0.4855,0.07530391015098777,103.40447283513188
0.486,0.07399725010289152,103.36506056496572
0.4865,0.07548025624893095,102.50888975298237
0.487,0.07422425650475196,103.76446287257221
0.4875,0.0733574789660275,104.34471339506928
0.488,0.06987435650259947,104.41571751233081
0.4885,0.06902750165357191,105.1998249394584
0.489,0.0647119890750921,104.6809824142117
0.4895,0.06197203860388631,105.00878435034865
0.49,0.06320893698968184,105.12978035680564
0.4905,0.06449940348768486,105.29002591501911
0.491,0.06518749138021349,106.05501538884256
0.4915,0.0634935430528445,106.5027654223902
0.492,0.06337765488732539,106.68028343318429
0.4925,0.06333650449134302,105.69073528498339
0.493,0.061345906109777464,105.12395629463829
0.4935,0.06381177607530822,105.05671891239761
0.494,0.06526280050418279,105.116329841955
0.4945,0.06484623623805007,104.44188617511011
0.495,0.06485489432358837,105.88030169816106
0.4955,0.06517360339379483,106.79882618132167
0.496,0.0616392790899463,107.17018529083082
0.4965,0.061195155345125554,107.2173311483077
0.497,0.060031642271993854,107.0957643260783
0.4975,0.05835533126381328,106.5415173169851
0.498,0.05787227787404129,106.59036889504492
0.4985,0.060746521426209954,106.74242120324843
0.499,0.061774944468207034,106.01619021782304
0.4995,0.06078995819759676,106.21732790029547
0.5,0.06170579612162276,106.13065789339187
0.5005000000000001,0.06400506952601447,105.01023754092508
0.501,0.06553827946147127,104.50332525834773
0.5015000000000001,0.06560237706974001,104.26007731983265
0.502,0.06445242636307916,105.3914269307229
0.5025000000000001,0.06560485281412447,105.72862136009961
0.503,0.06624253294131573,104.92415793503633
0.5035000000000001,0.06774874920272042,105.22184783984396
0.504,0.06881616836921041,104.2784738191187
0.5045000000000001,0.0706198967482281,104.94490638528103
0.505,0.0696198216968683,104.65530827851535
0.5055000000000001,0.07190717647453425,104.60167737211277
0.506,0.07221476565067607,105.4374082179354
0.5065000000000001,0.07590748010899499,104.62612101809142
0.507,0.07457986320054177,103.72977114063346
0.5075000000000001,0.07770821742604006,103.36425051236274
0.508,0.078021746666032,104.03741366073832
0.5085000000000001,0.07674411268908574,103.05429799258137
0.509,0.07578976463112137,101.2504520967991
0.5095000000000001,0.07514447392258375,100.97330119212549
0.51,0.07587174998671885,101.31882791555269
0.5105000000000001,0.076784018522904,102.07189680848593
0.511,0.07566242679953962,101.78305300483804
0.5115000000000001,0.07556399376103153,101.52955568787306
0.512,0.0794610197070457,102.25373441015788
0.5125,0.08266855059451964,101.05272518528895
0.513,0.08344610797562926,100.80435096870437
0.5135,0.08345458201268048,100.93237374092399
0.514,0.08362200884091318,101.22929691241474
0.5145,0.08474670429860798,100.89964543338424
0.515,0.08268222939288677,100.92630242711408
0.5155,0.08212174943603835,99.31559812652496
0.516,0.07885094286401721,98.90066012013214
0.5165,0.07954467952115657,99.18624248761205
0.517,0.08070983097907708,98.57576422942944
0.5175,0.0797279261106099,98.61664363120995
0.518,0.08264968149371996,98.89883119211564
0.5185,0.08022177866835907,98.68500628358048
0.519,0.07737914141976089,98.79549410527164
0.5195,0.07774190613786418,98.2078301365441
0.52,0.07964378303730216,98.08525197966344
0.5205,0.08277222430860344,98.46687659096385
0.521,0.0818224371661113,98.57025096426975
0.5215,0.08382953707174527,98.204401153515
0.522,0.083688999749682,98.35088413817832
0.5225,0.08328846230353083,98.80945689449592
0.523,0.08493426895897387,97.50628356224021
0.5235,0.0861421616362265,98.24667960709496
0.524,0.0829692579060795,98.03379953888071
0.5245,0.08575785925156053,98.30638442884106
0.525,0.08840035692613069,99.08102034395301
0.5255,0.08708007380762317,98.18143129131165
0.526,0.08779296509381083,97.72574794413143
0.5265,0.08870322615933413,97.5428285375012
0.527,0.08915097409635335,97.03759922862935
0.5275,0.08797501596981018,98.16549466574763
0.528,0.086566729556606,97.61160800318305
0.5285,0.08644644332023861,97.25874716600195
0.529,0.0886897835662814,97.39332825796144
0.5295,0.08970273088855704,96.6175563737293
0.53,0.08888356261761615,96.36539230938966
0.5305,0.09035358845368112,96.57318420185881
0.531,0.0845342266968156,96.36098612388493
0.5315,0.08670797210104979,96.30633619454561
0.532,0.08320143208988875,95.97452997102157
0.5325,0.08243532175700588,95.04087783741787
0.533,0.08021515157234603,95.24090657106035
0.5335,0.07769504244897332,96.30323186221997
0.534,0.07980905257354014,96.31812932493126
0.5345,0.07886299803397528,96.45904217922823
0.535,0.07945745973254094,96.88248949127748
0.5355,0.07930955039208322,96.11123871934046
0.536,0.0801517930537663,97.14549961213868
0.5365,0.08023746287139828,97.27381454578519
0.537,0.07773918990593298,98.28313497802995
0.5375,0.07954596326140939,97.83789962336017
0.538,0.07855246934260599,98.96359875429454
0.5385,0.07556807577861044,99.44831830106524
0.539,0.07472525291005819,99.79036748334435
0.5395,0.07742518219946562,99.93710661488511
0.54,0.07895605412745187,99.78656823083911
0.5405,0.07824042950644824,100.54326230761646
0.541,0.07752772706942082,100.6355506678833
0.5415,0.07687067942757944,99.40708239883386
0.542,0.08067789049979646,98.72255169235889
0.5425,0.08134460905606763,98.60997232940021
0.543,0.08210536728362013,98.80886998591276
0.5435,0.0840225902565864,98.7769966307336
0.544,0.08442087798036639,99.56137446779547
0.5445,0.08384935102602084,98.30329471582273
0.545,0.08340217173653809,98.39862152056746
0.5455,0.08319835597928321,97.2473722754242
0.546,0.0830615362933683,97.72776930185452
0.5465,0.08440369281322196,97.67218827160818
0.547,0.08443832401069111,97.94234076249204
0.5475,0.08579979319966997,97.39648952688604
0.548,0.08557249024234061,98.21659144386712
0.5485,0.08565844016146276,98.8897724381429
0.549,0.08166684290188156,99.27138307691547
0.5495,0.08336097121416511,99.19319409649995
0.55,0.08396701306199592,99.5684998107204
0.5505,0.08584103493592062,99.11643016312556
0.551,0.08007993665595671,99.67594896859788
0.5515,0.08398420829917784,100.7202981272249
0.552,0.08364686424313258,101.42309386995971
0.5525,0.08573141395276815,100.94859455267627
0.553,0.08362027808557254,101.19150393788097
0.5535,0.08474352046364383,100.3494336243541
0.554,0.08261928702295122,100.72733898159613
0.5545,0.0813526209070531,101.02308898621837
0.555,0.08495278371854455,99.82239811819107
0.5555,0.08451252898604715,99.07055576609
0.556,0.08486978572733539,98.8921753405364
0.5565,0.08650282143975965,98.70231594460496
0.557,0.08741103475520114,97.92116386519874
0.5575,0.08763824468786051,98.17688930853596
0.558,0.0882915562267876,98.3442470384082
0.5585,0.0930097719032473,98.22124114345418
0.559,0.09281237870941646,97.71892969536853
0.5595,0.09314413875280832,98.42094365530319
0.56,0.0952154398509148,99.53675330187086
0.5605,0.09742100057428067,99.20863095776973
0.561,0.09982025798620991,98.78873132582873
0.5615,0.10108426075711299,99.13550345855134
0.562,0.09855484530670496,98.88713552809537
0.5625,0.10190691592770788,98.79432611582754
0.5630000000000001,0.09935921337838864,99.31988913548405
0.5635,0.09991010113909397,97.98722877234475
0.5640000000000001,0.0982208946619724,98.90415544544663
0.5645,0.09799872107952294,98.95848713089418
0.5650000000000001,0.09860211955458721,98.67740215698078
0.5655,0.09919113651870334,98.61952242779242
0.5660000000000001,0.09999375176204275,98.59737366994077
0.5665,0.10332685273161928,97.3943812601202
0.5670000000000001,0.10420982674152596,98.44479997676733
0.5675,0.10358478787887059,98.47810423076218
0.5680000000000001,0.10557088258609813,98.79600636707565
0.5685,0.1080651052962029,99.482969645392
0.5690000000000001,0.10525588056638505,98.74020568370302
0.5695,0.10645815048785838,99.08330888506322
0.5700000000000001,0.10789315353364307,98.8937959263522
0.5705,0.1071356475014242,99.51281078536012
0.5710000000000001,0.1100555852493889,97.96745777672537
0.5715,0.10961656492563476,97.89936170808582
0.5720000000000001,0.1097910426793697,97.46636859123248
0.5725,0.1093016615215543,97.78242293618447
0.5730000000000001,0.10923226002298517,98.12611427453064
0.5735,0.10669788009169717,97.61688406451303
0.5740000000000001,0.1034423782795871,97.11301075235626
0.5745,0.1067873966239717,97.03960525558287
0.5750000000000001,0.10483056635888768,96.40769754528941
0.5755,0.10258006391411108,96.99923852155126
0.5760000000000001,0.09785960978855035,96.74663762474098
0.5765,0.0964319621621945,94.78322877088256
0.577,0.0935911437321761,94.54032976086994
0.5775,0.09688053118401319,93.87245936465668
0.578,0.09890367942846398,92.81043110877057
0.5785,0.09736356060992407,92.00652275982009
0.579,0.10199224609692117,92.08043789279064
0.5795,0.10400254016655294,92.9577833186285
0.58,0.10320381004905615,93.17144054971125
0.5805,0.09772270009021687,92.76923950060609
0.581,0.10244028406895112,93.06858831138366
0.5815,0.09936314561160628,92.7665222074011
0.582,0.09579481524985227,92.31605710662055
0.5825,0.09783422321980478,91.58222682327053
0.583,0.1028666166652134,90.46378571197577
0.5835,0.10575059434650984,90.2144298320319
0.584,0.10688211480908107,90.32172115958195
0.5845,0.10808614840819743,90.26153511896025
0.585,0.10986615879217435,89.98913130698895
0.5855,0.11144884152208286,89.3619455589723
0.586,0.11197138625939278,89.77126654904175
0.5865,0.11209733019396911,88.89013880144468
0.587,0.1118486019304696,89.4101269057174
0.5875,0.11004932714343198,88.74358919431906
0.588,0.10931965053083952,88.25182013644292
0.5885,0.1054607461666659,87.29832295199955
0.589,0.10514832507466465,86.9839646681258
0.5895,0.1029001784012499,87.60257720516425
0.59,0.10043105674117622,87.93008243178022
0.5905,0.10072284487870009,88.54325269471155
0.591,0.10359529654382027,88.87488484407592
0.5915,0.1054826570462632,88.17249097762632
0.592,0.10196278848578698,87.96420127532849
0.5925,0.0997500235316333,87.47769592468326
0.593,0.10165357963375247,88.30320705449529
0.5935,0.09945976771174031,87.55331374730098
0.594,0.09889534808676387,88.10860349129354
0.5945,0.09996737913332594,88.665376374179
0.595,0.09782359434410995,89.81583252632777
0.5955,0.09795794825969967,89.56208269169367
0.596,0.09507015891347695,90.0121487443641
0.5965,0.09374370248972429,91.43173085082589
0.597,0.09431988404576355,91.04876342715369
0.5975,0.09095652984134671,90.09260603117808
0.598,0.09177123148896806,88.95398579021474
0.5985,0.0916536673417521,89.38699906795928
0.599,0.09269821967604525,88.2510616492686
0.5995,0.09307649578677978,88.0308968865566
0.6,0.09578868777174983,88.29704109606874
0.6005,0.09596499236961034,88.41372748989835
0.601,0.09498870497002385,88.67782203465029
0.6015,0.09515907009163796,88.81721789788457
0.602,0.09620059853273227,89.60425838980993
0.6025,0.09621795743041764,89.01603052382407
0.603,0.09621809446021527,88.60160024983577
0.6035,0.0946730485735261,88.13030894366825
0.604,0.09322278080533239,88.63722106994713
0.6045,0.09027016410729807,89.18564166436087
0.605,0.09372099482083927,89.45957100904992
0.6055,0.09108596375730287,90.18791269665527
0.606,0.08960650235627293,89.47451977072492
0.6065,0.08808948991957449,90.47659887655955
0.607,0.08979913799348249,91.39486019099802
0.6075,0.089131527249048,91.84901885981733
0.608,0.09155671772092407,92.94522411653332
0.6085,0.09011233730498204,91.90715013758346
0.609,0.09059898401868999,91.58728568285576
0.6095,0.08883639711370772,91.13768805784007
0.61,0.09305217380629535,91.57956383041663
0.6105,0.09054241170190251,90.92724135924513
0.611,0.0910919762743376,91.39430925817118
0.6115,0.09229850392080892,92.243311440316
0.612,0.09306337757595495,92.68264222000388
0.6125,0.09260460536120076,92.86574449106787
0.613,0.09226068587007843,92.24520976174419
0.6135,0.09227156420538066,91.71832778447026
0.614,0.09189361091284506,92.5004858370685
0.6145,0.09377584006749964,92.99284233309433
0.615,0.09823612690269262,92.97171573551776
0.6155,0.0969766303965796,92.70313077098535
0.616,0.09402963805381054,91.39912962392637
0.6165,0.09376699560544226,90.7316827650789
0.617,0.09898544410933029,91.92278815789525
0.6175,0.09720078511425374,91.09841161584744
0.618,0.10054306470991488,91.2223910226012
0.6185,0.10402084157160663,91.87764342988326
0.619,0.1027270958418744,91.04979988387586
0.6195,0.10385634783785765,91.1739726726912
0.62,0.10728089004517322,91.79384012057456
0.6205,0.1063469533605344,91.80591510277101
0.621,0.10580207964408334,93.72983997078491
0.6215,0.10443415282456193,92.59606134598245
0.622,0.10213766981685159,93.3081731060406
0.6225,0.10065249415322906,93.19668068521585
0.623,0.09795668921820315,93.71076087780617
0.6235,0.09794131364974032,94.00393193510581
0.624,0.09623794211210354,93.52539960860707
0.6245,0.09664010190453622,93.67770558077292
0.625,0.09331051001344347,92.47162753202224
0.6255000000000001,0.09390856402302626,92.8563521381372
0.626,0.09554118319476408,93.04977907508783
0.6265000000000001,0.09132388412568769,93.46423963695604
0.627,0.09200518900195305,94.1362558035951
0.6275000000000001,0.09442518852711954,94.37473959413157
0.628,0.09185006613216411,94.47454498205981
0.6285000000000001,0.09517269814718297,93.91423300131805
0.629,0.09595709298372349,93.45657931877363
0.6295000000000001,0.0944081452212822,94.22854010621765
0.63,0.09421158420088936,95.16219172404035
0.6305000000000001,0.09527986739992822,95.01048044097506
0.631,0.09535432821046695,95.04444846683504
0.6315000000000001,0.0963873079771124,94.45457977462037
0.632,0.09438528663473407,95.22735722225661
0.6325000000000001,0.09465274562225715,95.66647031908573
0.633,0.09165310720883475,96.94786944720826
0.6335000000000001,0.09134974305794714,96.37531127474452
0.634,0.0894400496708884,96.13295648675857
0.6345000000000001,0.0878902760624296,96.28559149913733
0.635,0.09027670101767454,96.70208947439669
0.6355000000000001,0.09240087871744107,96.56583963806561
0.636,0.093564387481064,95.99671963618124
0.6365000000000001,0.09124269670253299,96.57928609955675
0.637,0.0905246919000238,97.05356825756239
0.6375000000000001,0.09289732286358512,96.45916907359783
0.638,0.0931077309471372,97.3540963958078
0.6385000000000001,0.0977755323403937,98.1352960200473
0.639,0.09851389002873996,98.23137030296884
0.6395000000000001,0.09883047837137156,98.29017592372843
0.64,0.09809034336867095,98.67692840780879
0.6405,0.09828377298676061,98.08538970880255
0.641,0.0978756974329012,98.10996250159053
0.6415,0.09927496874006654,96.63663278011154
0.642,0.10120815783680212,97.23722651589628
0.6425,0.09943896838488836,96.16101236725642
0.643,0.09653377121456926,97.18425406314206
0.6435,0.09262189402528812,96.96525044791821
0.644,0.09358005819673873,96.82945650478315
0.6445,0.09123547266682959,96.4175533746708
0.645,0.0867963741901489,96.23383545621577
0.6455,0.08749413491278875,97.13698052840036
0.646,0.09236962046990378,95.54250069139563
0.6465,0.09227868877272115,96.37545751154688
0.647,0.09390892916686631,96.60059603000907
0.6475,0.09399628237199811,95.80548483089923
0.648,0.0937119059786104,95.10305582280158
0.6485,0.09551870050765658,96.19818142974168
0.649,0.09483361244104752,95.57344906520396
0.6495,0.09530373995938708,94.8182319024281
0.65,0.09588699155871996,95.56643500961806
0.6505,0.09441537869030615,95.79428279904525
0.651,0.09637858859190726,95.18078889382055
0.6515,0.09592965734424594,95.32772692899485
0.652,0.09427555163313142,94.65433006047331
0.6525,0.09529919228439669,95.37350463129746
0.653,0.09335564154600755,96.07607397292101
0.6535,0.0933333691717976,96.42912746203748
0.654,0.09323468073252228,96.67122395945697
0.6545,0.09537907595279789,97.83754731286994
0.655,0.09627945313268767,97.84124888413966
0.6555,0.09614294074030263,97.0428473305935
0.656,0.09775968658754917,97.3491498907779
0.6565,0.10058890122580905,98.77282422017137
0.657,0.10168479132754898,98.06595351266124
0.6575,0.10161440959130967,97.81712401923217
0.658,0.09871678993094712,98.1113963618517
0.6585,0.09638381099854287,98.07816491601594
0.659,0.09566357074148354,97.41327442411414
0.6595,0.09431544982637044,98.17298380501134
0.66,0.09384878875551368,99.74100894169828
0.6605,0.09388443351801348,99.87900338184372
0.661,0.09489235415080442,99.26433113899397
0.6615,0.09466433443743599,98.20920850338705
0.662,0.09558645364554322,98.3874418050363
0.6625,0.09563679257107974,99.1422108435535
0.663,0.0914551817989716,99.47194050770356
0.6635,0.0894724018425927,99.47430243947875
0.664,0.08910907380985385,99.0862182828012
0.6645,0.08661302605572167,98.36783297150319
0.665,0.08772750412923386,98.91213221012282
0.6655,0.09069734863383205,99.51469339090251
0.666,0.09308349738149618,98.48280916023452
0.6665,0.09256703026605449,99.55490504454995
0.667,0.09553069164038169,99.94770098245343
0.6675,0.09575563889280315,100.9184875427983
0.668,0.09497227765742194,99.98532538279512
0.6685,0.09362172847200723,99.04827093150261
0.669,0.09292046052485811,98.95128037271745
0.6695,0.09204731559334647,99.29435101449303
0.67,0.09231607949053182,100.5083877409125
0.6705,0.09256488585466607,100.99455480782393
0.671,0.09249225525815202,100.8318536031859
0.6715,0.09330492979977541,100.1321034241078
0.672,0.09566469983851887,100.97734102914748
0.6725,0.09755136435670626,100.30766001355656
0.673,0.09435389738712822,101.45248713443925
0.6735,0.08900984773374392,101.25837712137258
0.674,0.09080624376277957,102.33688949719475
0.6745,0.0879669503972921,102.80915007724008
0.675,0.08744780646781423,102.7198547154988
0.6755,0.08505545630197062,102.37117634961068
0.676,0.08146248108848807,102.14768243020013
0.6765,0.0824369886609114,102.43099529000851
0.677,0.08383550316389601,102.48583247011452
0.6775,0.08264998361374289,102.09591816975954
0.678,0.07758909153689947,101.99129501739161
0.6785,0.07651201844834601,102.04529116041297
0.679,0.07718425970640916,100.70579084845036
0.6795,0.07437226994962466,100.99645372414848
0.68,0.07465615257680691,100.3971021182146
0.6805,0.07457610690678267,99.6936717084284
0.681,0.07558545746975609,98.67045671704327
0.6815,0.07575261821547837,97.58625626435968
0.682,0.07390240047364542,96.77610202071388
0.6825,0.07603364453851491,96.36287183268715
0.683,0.0756863566104579,97.52725937734581
0.6835,0.07558243643101341,97.21565549483311
0.684,0.07380789559495206,97.32577273716817
0.6845,0.07294932020635711,97.56644663703841
0.685,0.07129678620984328,97.64757883772684
0.6855,0.07094006207854066,97.60633386176505
0.686,0.07395196435476721,96.91540031178876
0.6865,0.07139836442381634,97.77434045104273
0.687,0.0684590165162738,98.83399741369058
0.6875,0.07099849627044609,97.86497343586964
0.6880000000000001,0.07057784556421531,97.27178546221778
0.6885,0.0693396012464331,97.11399128887903
0.6890000000000001,0.07113251277471272,96.56633621583863
0.6895,0.07000229298155117,96.8615829240805
0.6900000000000001,0.07319818836665819,96.44812082852738
0.6905,0.07437876929402006,97.71525429098877
0.6910000000000001,0.07343457063676564,98.42860832114053
0.6915,0.0773060679021267,98.55933016161411
0.6920000000000001,0.0761203614735969,99.19256737666817
0.6925,0.07743964214985226,99.87328868608923
0.6930000000000001,0.07794218938248514,99.52681051905346
0.6935,0.08032318367798211,99.02366409885475
0.6940000000000001,0.08323143652605228,99.07666328617057
0.6945,0.08322852723704645,99.63133762752338
0.6950000000000001,0.08170561476721104,99.72469880368115
0.6955,0.08252504650204928,98.72350646736935
0.6960000000000001,0.08115524899706798,98.21833670594428
0.6965,0.08494113350264437,98.17598384459784
0.6970000000000001,0.08514065975844463,98.13149946686009
0.6975,0.08435787630296149,99.39838078597799
0.6980000000000001,0.08465116310232318,98.50763787995618
0.6985,0.08195494149925373,98.83559622984063
0.6990000000000001,0.08002611232800401,99.7816857592808
0.6995,0.08224407009272368,101.21936562495445
0.7000000000000001,0.08091697474925584,100.96092649849918
0.7005,0.07885787370342272,101.28055209878745
0.7010000000000001,0.07981051937140164,101.64695128222792
0.7015,0.08199785323445709,101.77653793331966
0.7020000000000001,0.08331590258704051,101.7161936246519
0.7025,0.0851795650456672,102.00648296488313
0.7030000000000001,0.08363012302594366,100.32483952075879
0.7035,0.08080645473218567,100.77134252117472
0.704,0.08360814718723775,100.85619514927161
0.7045,0.08291683866115618,100.71515429129491
0.705,0.08236794271478973,102.04654617151041
0.7055,0.08486148617566341,101.60862653618045
0.706,0.08588116002100095,101.34590808016902
0.7065,0.08670855522701784,102.67257284219356
0.707,0.09091506256983599,102.11417557338017
0.7075,0.08953706752018016,101.73951883743031
0.708,0.09132519570484726,101.64350351956331
0.7085,0.09136378623943732,102.22502512143612
0.709,0.09183135208232275,102.37268952945155
0.7095,0.09486072642584162,101.48010487196166
0.71,0.09582767030395509,101.11223652692325
0.7105,0.09686175153346348,100.6911954197892
0.711,0.09901560632871788,100.64111172200373
0.7115,0.09815672119120572,100.94668952236353
0.712,0.0963057372073098,101.24647899522503
0.7125,0.09404622821299496,100.00275222595562
0.713,0.0899199660663408,100.73635294221992
0.7135,0.09398128282687573,100.91098241442336
0.714,0.0916315721584143,101.87275776752476
0.7145,0.09110484259474765,102.18312954367235
0.715,0.09046770040020793,102.94675507627775
0.7155,0.09101224825723263,103.27389953369706
0.716,0.09258657547067127,104.2159021106823
0.7165,0.09426407268873616,104.59038632528579
0.717,0.09298178003858323,104.52426267792171
0.7175,0.0925604554154441,106.14798655810205
0.718,0.0930583285314426,106.79422415772012
0.7185,0.09246982730645648,107.2164502929725
0.719,0.09566992719333159,106.29027249289166
0.7195,0.09660513874208139,105.34744594968905
0.72,0.09805245231815304,105.56597595903838
0.7205,0.09935779678610622,105.6777619828362
0.721,0.1017500679557335,105.224559096367
0.7215,0.10204479316656402,105.33458016887205
0.722,0.09917274622300058,106.53408363279776
0.7225,0.09992833900117387,107.06002714765027
0.723,0.09845720503481586,106.20084289712364
0.7235,0.09725683771370466,106.12200146533509
0.724,0.0983976391154223,105.53054538107078
0.7245,0.10091570737093335,105.24778686716714
0.725,0.10086966376864619,104.94277196382579
0.7255,0.10143633558901466,104.59099132457537
0.726,0.10498096445078506,103.66027180718073
0.7265,0.1054067723187796,103.56854675146504
0.727,0.11097490146858369,103.15118117314638
0.7275,0.11213218181030235,100.90440055475591
0.728,0.10806874903750745,102.45954915498807
0.7285,0.10962794674109255,103.28366577703655
0.729,0.11037009334088056,103.0000491057002
0.7295,0.11313888010070788,103.01856855517252
0.73,0.11454812455386484,102.11485631074031
0.7305,0.11412195344250319,103.42939799170985
0.731,0.1112363129953233,104.91587239789227
0.7315,0.11066180505619168,105.04267203501813
0.732,0.10865783994165629,105.84661681578261
0.7325,0.10727117382291752,105.98760519667168
0.733,0.10846342656826895,104.95425939897518
0.7335,0.11204999389338371,104.6401567783243
0.734,0.11282815201902889,104.74767232329168
0.7345,0.11002425144455669,104.39424568513083
0.735,0.11090850259294677,104.22911958091295
0.7355,0.1134754484908209,104.1623472099971
0.736,0.11198728850314955,104.10305666676787
0.7365,0.111578456851469,104.14792972106576
0.737,0.11150400196794295,103.3270470675608
0.7375,0.1096385597121862,102.77799159625708
0.738,0.11097406321093972,101.80457430622212
0.7385,0.11059732067520742,102.55016155208828
0.739,0.11142735629663976,100.94850883623539
0.7395,0.10933290029141834,101.82177223065698
0.74,0.1082585734126452,102.86954054225471
0.7405,0.10975060996985014,102.64495356077904
0.741,0.10881742350627932,100.66970698721441
0.7415,0.11253574013063852,100.40543809336202
0.742,0.11152761228365705,100.36111334274614
0.7425,0.11192367194992076,99.60773667632073
0.743,0.11390873412982506,99.22781011609703
0.7435,0.1105866292897026,100.37767141165797
0.744,0.10655276480126702,100.87799020767237
0.7445,0.10311217525194867,100.20125468656735
0.745,0.10573721041501187,99.05583688043325
0.7455,0.10443482317158297,98.82426720613232
0.746,0.10988395937598386,98.67578639473435
0.7465,0.10852442411043535,99.04266002346101
0.747,0.10882947493874871,98.65606705084707
0.7475,0.11213890519894892,99.0322569836761
0.748,0.11653715612029639,100.47122975573616
0.7485,0.12114322599585726,101.1006854147848
0.749,0.12384284451639906,101.06689128596288
0.7495,0.12613458975427802,100.925274933143
0.75,0.12741705227424888,100.6434394038387
0.7505000000000001,0.12914973457596926,101.59588814193977
0.751,0.12768723643705926,101.08780750617586
0.7515000000000001,0.12559442881823688,101.12837802630689
0.752,0.1254580149397162,101.17345258307896
0.7525000000000001,0.12492546084989455,100.77541462955399
0.753,0.12372346850079566,99.68632895076243
0.7535000000000001,0.12524105608737393,99.94354624817787
0.754,0.12738108333895148,99.89929688827415
0.7545000000000001,0.12746167465231456,100.3021145102532
0.755,0.13086908967912378,99.87885800116818
0.7555000000000001,0.1279621935222144,100.86919897557223
0.756,0.12736553617456062,100.16582248632444
0.7565000000000001,0.12551838332721854,101.53832819071076
0.757,0.12095405568105395,100.13660186514674
0.7575000000000001,0.1206397297865506,100.47917672855347
0.758,0.1202351014276431,100.85421259208502
0.7585000000000001,0.12363513163640465,100.23613842464037
0.759,0.12499758986829507,100.57461192370225
0.7595000000000001,0.12244104456533123,101.5959859038224
0.76,0.12666950621528533,99.83784945522984
0.7605000000000001,0.12945471262376657,100.24129428153077
0.761,0.1307254812231934,98.23454477941206
0.7615000000000001,0.1300400746630137,97.47154409074116
0.762,0.12758408297472945,98.75590552431565
0.7625000000000001,0.12656086308546738,98.3009678343139
0.763,0.1290292876586522,97.3869558464423
0.7635000000000001,0.13343689989982357,97.23602010824234
0.764,0.13707837157602046,98.88231740263592
0.7645000000000001,0.1357186222273057,97.38680110215414
0.765,0.13280813048946952,96.54729271710572
0.7655000000000001,0.133013337362825,97.72926083683919
0.766,0.12854724445609586,99.21375499067994
0.7665000000000001,0.12919168232018008,99.13545383585127
0.767,0.12870200339061505,98.15218308661375
0.7675000000000001,0.12744739985733705,99.80630874455376
0.768,0.12349721189280001,101.08063323119553
0.7685,0.12458273129903337,101.62396028644716
0.769,0.12319455671865126,100.97642504037272
0.7695,0.12031517462544893,100.94160821218628
0.77,0.11351140819790723,100.82009732925943
0.7705,0.11333895488391803,101.07542563899548
0.771,0.11723135331850497,102.18351683493516
0.7715,0.12093113008827273,102.87559494919512
0.772,0.11974342463285811,102.01785588582075
0.7725,0.1182258919916229,103.10851765068726
0.773,0.11918980362513655,103.36087726354275
0.7735,0.11675882610375599,103.91323699324083
0.774,0.117335453041168,105.08177396788017
0.7745,0.11897978422280306,104.19129699605843
0.775,0.12170030395414749,104.16667434402302
0.7755,0.12134337340695556,103.73899813128716
0.776,0.12074542147802098,102.47624807392627
0.7765,0.11857772914395052,102.75641119886897
0.777,0.11654978722203152,104.74770716811088
0.7775,0.11591629421098974,103.28052861511638
0.778,0.11664144858750979,103.25927832685147
0.7785,0.11861954551712241,103.76852197638696
0.779,0.1166459634771977,103.87103076565595
0.7795,0.11995087023114018,103.78544590721955
0.78,0.11920103859670379,102.7453469471721
0.7805,0.1190327495052415,102.93410511001558
0.781,0.11718484941431387,102.33727297316682
0.7815,0.11150211792551068,100.62589632290016
0.782,0.11337512551032446,101.52746588885518
0.7825,0.11492939740779322,102.26412851239186
0.783,0.11417721824818391,102.30826760041975
0.7835,0.11421780095827536,102.48943709843503
0.784,0.11527616672904317,103.32561434103121
0.7845,0.11160440978638567,103.50572959397759
0.785,0.11031138225925896,104.20885334020267
0.7855,0.11197554191889783,103.98279230132299
0.786,0.10905201331072226,105.00774187041075
0.7865,0.10959874003247272,105.26067792497788
0.787,0.10648164790295377,105.41609536798983
0.7875,0.10740293567185813,104.44340343974491
0.788,0.10722347565930655,104.66720992251022
0.7885,0.10357484011788858,104.03380824605033
0.789,0.105994038666183,103.56011064672927
0.7895,0.10429072050211241,102.94953501706392
0.79,0.10243899216562886,102.16099630328763
0.7905,0.1027759625468539,103.71859606909003
0.791,0.10515201481204296,104.71261007301567
0.7915,0.10284459046658768,106.17486441424315
0.792,0.10288301422163809,105.24803221889161
0.7925,0.10371136646638042,105.30602929250105
0.793,0.1051131339724286,104.32935129876847
0.7935,0.10539920299503125,103.80733905654334
0.794,0.10450177821371905,103.11960545733037
0.7945,0.102610360322913,104.04771338714129
0.795,0.10270155325936345,103.7565775371309
0.7955,0.10030263397236373,104.55508278397657
0.796,0.0940056895985717,105.00657660150587
0.7965,0.09482257920568714,106.66919083508206
0.797,0.09660758156520453,105.58683563365946
0.7975,0.0915958902371613,106.51513270293884
0.798,0.0894685155063255,107.34578505105613
0.7985,0.09063665207547313,106.65122398258313
0.799,0.09471594627428113,107.37857568564498
0.7995,0.09467680125309118,107.63126465662602
0.8,0.09309212448328302,107.46711591307219
0.8005,0.09263814479116632,106.86731259537945
0.801,0.09536633256466799,106.34856546280214
0.8015,0.09394511015735342,107.85813732153986
0.802,0.09222097716029304,107.86295640197291
0.8025,0.09115922901161631,108.44013438694341
0.803,0.08915163719823872,107.86544793657413
0.8035,0.08932361271032371,107.30813975208366
0.804,0.09250692023927407,108.08836105625076
0.8045,0.09308733749598172,107.10060055844835
0.805,0.09249121770270853,106.80149968462635
0.8055,0.09181714978441087,106.8304856573837
0.806,0.08856196361204617,106.91537473359934
0.8065,0.09025208923123826,106.7922341401901
0.807,0.0900198475337426,107.08046166672976
0.8075,0.08958156889593895,107.58249022523404
0.808,0.09591824616050887,108.11573673579292
0.8085,0.09645505059469947,107.381961679245
0.809,0.09480410066928398,107.17435533903075
0.8095,0.09384126381465958,108.06024145339265
0.81,0.09612051087124134,108.72677984955432
0.8105,0.09627190595484766,107.69633077677203
0.811,0.09319386292312251,107.9632637046286
0.8115,0.09499652278018575,106.50967327697975
0.812,0.09353259368128215,106.54838640853391
0.8125,0.09729550875088931,107.93543844639896
0.8130000000000001,0.0994694993887497,107.22615618593309
0.8135,0.09843390244406985,106.59953881351966
0.8140000000000001,0.1010423347597281,107.17518007479462
0.8145,0.10109546277314864,106.00418810645222
0.8150000000000001,0.10282270723057702,105.53154788320043
0.8155,0.1037711583411889,105.98708378066826
0.8160000000000001,0.1018465677339226,105.50708255292362
0.8165,0.10037607574344147,105.33364000273832
0.8170000000000001,0.10247449300570771,105.8931800133043
0.8175,0.10166188273616314,106.21694154767198
0.8180000000000001,0.10070603645079225,106.42324710311472
0.8185,0.09858171644227443,106.17140638963299
0.8190000000000001,0.09938603815482967,106.45149767248864
0.8195,0.10365878322580292,106.36290530922233
0.8200000000000001,0.10125765990162963,106.7177174015041
0.8205,0.10121747270385346,106.34464644572319
0.8210000000000001,0.10413959987263276,106.21078061809969
0.8215,0.10387098420628865,105.45631481168792
0.8220000000000001,0.10475320035278056,105.43392782443196
0.8225,0.10234945442931168,104.81931661303075
0.8230000000000001,0.10317511813711772,103.98815185670102
0.8235,0.1026771092751419,104.18550267605808
0.8240000000000001,0.10470194767564124,104.34848008220861
0.8245,0.10718225769741324,104.9437258122876
0.8250000000000001,0.11276862924473896,104.61671106601618
0.8255,0.11396520707643042,104.94144635914832
0.8260000000000001,0.11459205912632392,105.38196912725638
0.8265,0.114921583618609,105.74097147085335
0.8270000000000001,0.11400607040053197,105.08340071537413
0.8275,0.11466173079950205,105.20610655879388
0.8280000000000001,0.11387872963230965,105.50038555336465
0.8285,0.11414926428299213,105.51032025065382
0.8290000000000001,0.1170242864421527,103.85139518099581
0.8295,0.1145989392369389,103.9830410500528
0.8300000000000001,0.11707558238276942,105.72871524390281
0.8305,0.11998314296997836,105.44169770710276
0.8310000000000001,0.1195888210638004,104.85130171865531
0.8315,0.11454714744623812,105.15820007837515
0.8320000000000001,0.11305534033853548,105.41100634552572
0.8325,0.11587118892474828,106.36050290981395
0.833,0.11570516376607205,105.34642803256477
0.8335,0.11331137166292085,105.93667805456585
0.834,0.11206157279004575,106.41170925947094
0.8345,0.11384118638582795,106.30274157974128
0.835,0.1149678861256629,106.57862392407425
0.8355,0.11431197248924228,107.41475005008702
0.836,0.11336852939698011,108.12742993877455
0.8365,0.1123736247747325,107.20124575902841
0.837,0.11019080744794876,107.86457817783656
0.8375,0.11368262099551117,107.81710056559416
0.838,0.11284307414410617,107.88065022589063
0.8385,0.1154765887822279,107.94427972881566
0.839,0.11883132270413424,107.82536484011352
0.8395,0.12102161641487637,108.820147283981
0.84,0.11989282858512823,108.7536330288025
0.8405,0.12071075425465606,107.81529649168948
0.841,0.12053329635024594,107.48998720832044
0.8415,0.11830782185206658,107.64340074686697
0.842,0.11893876966175682,108.66537635246222
0.8425,0.11609266253544302,109.17510920662386
0.843,0.11869313615258709,108.47201382390622
0.8435,0.11750131861677947,110.55305905338197
0.844,0.11784762710400974,110.78184592445506
0.8445,0.1183832266820219,111.87084642942854
0.845,0.11766807778205961,111.74474209059923
0.8455,0.11890161706391766,112.20636454566294
0.846,0.11768475049968857,112.93712727515255
0.8465,0.11957330805662367,113.99699969236448
0.847,0.11633173973179131,114.93357228004349
0.8475,0.11650639816626089,115.70270151688025
0.848,0.12083123047598288,115.4290806940935
0.8485,0.11837738656675881,114.9207266314887
0.849,0.11669556771159424,115.21939283032336
0.8495,0.11775818101004033,116.0452584845111
0.85,0.1180549376517285,115.85157937363218
0.8505,0.11874601557736282,116.80430169229207
0.851,0.11975870958059903,118.11636160693824
0.8515,0.12111254728648763,117.28356427248512
0.852,0.12358151419136187,116.52441800443546
0.8525,0.12442258156844715,116.40050039314927
0.853,0.12372507803578289,116.68757525662795
0.8535,0.12518648340259236,116.210805760682
0.854,0.12956802922580765,117.45868575339364
0.8545,0.12911341237316962,117.8643001130902
0.855,0.12663072157714786,117.90637129649635
0.8555,0.12914351931118326,116.56392844025903
0.856,0.12871960156278436,115.33610898728581
0.8565,0.12335747838911301,115.60073435130144
0.857,0.12522903068192823,113.66921796419737
0.8575,0.12383038224759373,114.58458849278055
0.858,0.12349092505749885,114.44657678637779
0.8585,0.1241482819814748,117.36767311115617
0.859,0.12447232733101268,119.50651269761498
0.8595,0.12602467633329195,119.34022537272048
0.86,0.12485856800935582,119.24426312942441
0.8605,0.12594752875921636,120.18704511788961
0.861,0.12520070979818898,121.81626445185414
0.8615,0.1268265578476291,120.2423801474833
0.862,0.1281664147155857,118.53670033442673
0.8625,0.1257876532692215,117.95118684977808
0.863,0.12824270660728337,118.5010088776115
0.8635,0.12682281133912138,118.97723546087254
0.864,0.12862297739730882,119.99552912660029
0.8645,0.129373674989277,118.84586304463973
0.865,0.13367486462986763,116.63671912508885
0.8655,0.1329862740998791,117.45954723811815
0.866,0.13199226110716433,116.67099575722796
0.8665,0.13180694441573537,114.76251585009169
0.867,0.13093086128300072,114.90225543165171
0.8675,0.13273618101901816,115.64425292938002
0.868,0.12864681621759433,115.5338868980357
0.8685,0.1259786268118611,115.11426436403316
0.869,0.12330724764999826,114.9732734239794
0.8695,0.12542082625584025,114.64332206169244
0.87,0.1293565944143348,113.42407055635515
0.8705,0.12897055650665382,112.77668413669716
0.871,0.1284303953337853,113.25328063067975
0.8715,0.12846615735246225,113.54974954531136
0.872,0.13112703909787227,113.70723446585296
0.8725,0.12873767878293388,112.79554726242301
0.873,0.12917830395259453,112.63580582705296
0.8735,0.13139575874747342,110.66957881340747
0.874,0.13247713914797415,110.8341033995885
0.8745,0.1328013082709684,112.1274327370976
0.875,0.13510926148005933,110.78502057171475
0.8755000000000001,0.1283011060125124,110.25592962532455
0.876,0.12979746754946878,110.55096888776247
0.8765000000000001,0.12808200613573795,111.67116737183544
0.877,0.12355495699508602,111.2750758375195
0.8775000000000001,0.1246350195921954,110.67407980230563
0.878,0.12776122457942937,108.95830365478359
0.8785000000000001,0.127300014132267,109.05274139547016
0.879,0.12944970133892478,110.83377741679891
0.8795000000000001,0.1332068453044436,111.08552498558448
0.88,0.13628637638531318,111.06977074769465
0.8805000000000001,0.14020326424145715,111.36952069602947
0.881,0.14191703630741775,111.36363262198607
0.8815000000000001,0.14195478958276306,110.60540449308326
0.882,0.13775298094073538,111.37698508078284
0.8825000000000001,0.13699371595252155,111.59012018946433
0.883,0.13475454117555988,111.61085053773711
0.8835000000000001,0.1399583770093778,110.72174050747074
0.884,0.1393670351893128,111.93351339142912
0.8845000000000001,0.13952652638726235,112.55907802064195
0.885,0.14075911124347162,112.04375572459912
0.8855000000000001,0.14071771015480614,112.98991611562033
0.886,0.14483206945710395,112.52285722237491
0.8865000000000001,0.14308524214946422,111.77855644935777
0.887,0.14342442800610963,111.06476238588812
0.8875000000000001,0.141383050830844,109.40346108584693
0.888,0.13790142067492492,109.8415832112299
0.8885000000000001,0.13623059243775967,108.17581385664342
0.889,0.13599454493052116,107.0833904931606
0.8895000000000001,0.13478853936268098,105.25489941745629
0.89,0.13294104804623214,105.18473853842194
0.8905000000000001,0.1293619474873992,105.06003629261383
0.891,0.1290273928861931,104.78820002695855
0.8915000000000001,0.12526805868725552,103.91489226676295
0.892,0.12694471940353663,102.955004121614
0.8925000000000001,0.12701134044593806,103.34001603963131
0.893,0.12339623560773484,102.89075846034112
0.8935000000000001,0.12254250723055737,103.1505510478169
0.894,0.12065242060779853,102.43990886362941
0.8945000000000001,0.1212751500185277,102.58806907711076
0.895,0.12428466889980044,103.63330232141723
0.8955000000000001,0.11972362349253886,104.11631320441914
0.896,0.11987102652296283,103.78825698189725
0.8965,0.11937930501737558,103.99907000324838
0.897,0.1208162495350897,103.80985857063632
0.8975,0.1211921314569347,103.82036899644697
0.898,0.11931426608741545,103.56137148074285
0.8985,0.11845600176302866,103.4340642366696
0.899,0.11650045970279446,103.60703337367073
0.8995,0.11884939429503537,102.82568132584285
0.9,0.11878040600143554,102.02455128816008
0.9005,0.1230576954464364,100.93688706783907
0.901,0.12279036128259511,99.67390632038101
0.9015,0.12100095774134918,98.72720077858635
0.902,0.11734726187684863,98.85360438561995
0.9025,0.11308769553520685,98.18153455209226
0.903,0.10940446035091032,98.56465431505056
0.9035,0.10989306193511751,98.59390300211919
0.904,0.110919513764707,97.15919212997889
0.9045,0.10728053430932442,97.63699080429855
0.905,0.10914617869770976,98.22068914887559
0.9055,0.10797189564694377,97.50347956734254
0.906,0.10819350687424843,97.80840832604422
0.9065,0.11164860538118343,97.19616808971816
0.907,0.11355137079066632,97.27098490751662
0.9075,0.11283403308944265,96.34808264496333
0.908,0.1107166248621493,95.05429661735015
0.9085,0.10580749351227546,94.78735743034049
0.909,0.10413955459478166,94.70584579884186
0.9095,0.10358629437833611,94.43786306379566
0.91,0.10135957096210117,93.63691980372684
0.9105,0.1009872071395887,93.37409306059386
0.911,0.10105955652472252,93.55650659531604
0.9115,0.10048845528222447,93.53039319994238
0.912,0.09901549543720123,93.65512767298152
0.9125,0.09928297729076944,93.2172855211354
0.913,0.10012818343319656,93.9905732105518
0.9135,0.0977234233908823,93.2121310555173
0.914,0.10059561225386066,93.53353605487975
0.9145,0.10029495992665097,94.32128330222932
0.915,0.10024456250342961,94.64627154229402
0.9155,0.10165838129346666,94.51435237479339
0.916,0.10206470519992364,94.16214725684708
0.9165,0.1040142828505164,94.8628541517442
0.917,0.10453944861728641,93.89317338931546
0.9175,0.10311430313025122,93.23838255306167
0.918,0.10379834615327801,92.97595414644778
0.9185,0.1012307904742203,93.80866458939904
0.919,0.10137064705997685,94.06587272847355
0.9195,0.10120761818381938,93.42134571488978
0.92,0.10067166652143388,93.2188628058569
0.9205,0.10030707560222686,92.81629858927779
0.921,0.09621848578705663,92.35345469032806
0.9215,0.09499235766037256,92.98419728494846
0.922,0.09510182819883377,92.10887131405394
0.9225,0.09534987279250948,93.13438363639104
0.923,0.09313811020723825,93.6707148231532
0.9235,0.0956496179775699,94.37176576943949
0.924,0.09376912133774644,94.07341126477326
0.9245,0.09567989662627827,93.98059104194357
0.925,0.09648280202990668,93.05275832923685
0.9255,0.09505154632454225,92.71738718184598
0.926,0.09864061048723795,93.03663207369875
0.9265,0.09603783282413175,93.88717721481684
0.927,0.09786457855397047,93.17061912940767
0.9275,0.09987755226316825,92.9361298135021
0.928,0.09836600688017245,92.84048070670676
0.9285,0.10120809046687348,91.93540181850001
0.929,0.10058265516216619,92.32581954410347
0.9295,0.10110597438109233,91.85548622209632
0.93,0.10156958677406824,91.73155134748718
0.9305,0.10119009326450938,91.4397764763151
0.931,0.10282849664578167,90.93003810926531
0.9315,0.10444113691954751,90.92908196415073
0.932,0.10055380824978034,90.79104463849859
0.9325,0.10323755217628444,90.55528723730752
0.933,0.0995593834912195,90.08496838364577
0.9335,0.10165557481095974,90.29165911147209
0.934,0.1039728977265886,91.35974030811224
0.9345,0.10151712468002734,91.4555410211537
0.935,0.10054679453761078,92.10824536764311
0.9355,0.09810401660069049,91.20400096574485
0.936,0.09756528695404552,91.3084218842755
0.9365,0.09683350333413976,90.61223879979686
0.937,0.09837576668970839,89.6846629923342
0.9375,0.10104512175619092,89.2231894020011
0.9380000000000001,0.10392967774115783,89.98265076437669
0.9385,0.10261803907420074,90.6024823112566
0.9390000000000001,0.10207451315716412,90.76381366363142
0.9395,0.09837343825325226,89.77361053177239
0.9400000000000001,0.0965903296359204,89.65362093005096
0.9405,0.09851700704184706,89.8451798632749
0.9410000000000001,0.10183089298532809,89.95946208201183
0.9415,0.09909583549543209,88.77951777040774
0.9420000000000001,0.09775607995707829,88.22669016150682
0.9425,0.09761406280009513,88.19069492541912
0.9430000000000001,0.09811482051860608,88.52464108483305
0.9435,0.09632648519724242,87.16650508456335
0.9440000000000001,0.09712488728822218,87.07191755314099
0.9445,0.0960485901073506,87.16219898629421
0.9450000000000001,0.09593447114027336,87.6788768029973
0.9455,0.09698561233686388,88.10312153164274
0.9460000000000001,0.09691355070334814,88.4640658238046
0.9465,0.09591686392686523,87.9749959566834
0.9470000000000001,0.095605267599069,86.81607481167237
0.9475,0.09533857870886453,86.5836208562077
0.9480000000000001,0.09448917125047755,87.18585856427013
0.9485,0.09387378942555256,88.02440059667495
0.9490000000000001,0.09707870255203277,88.45642504788995
0.9495,0.09816546540375419,88.72455642743277
0.9500000000000001,0.09745718491832264,88.96408789267245
0.9505,0.09883054436163724,88.62228473560599
0.9510000000000001,0.09803831332788245,88.54480477096605
0.9515,0.10041529911735948,89.58306081303537
0.9520000000000001,0.10111043222526511,88.98834423735418
0.9525,0.10078988404974902,90.01361730996216
0.9530000000000001,0.10165219383451238,89.81144146994527
0.9535,0.09819996849249552,90.66369158523435
0.9540000000000001,0.0957440439639474,89.7735783953531
0.9545,0.09318221171399475,90.14109781074937
0.9550000000000001,0.09339514730782873,89.69138190337522
0.9555,0.09686682934021061,88.82753581500758
0.9560000000000001,0.10144009016568792,88.96618391101416
0.9565,0.10271115186298656,89.60934330828293
0.9570000000000001,0.10369384273062632,89.0703352818995
0.9575,0.09970775756570906,88.112505371872
0.9580000000000001,0.09846869431432975,88.05888971488258
0.9585,0.09672269407939879,88.00838713651999
0.9590000000000001,0.09534235450983214,88.34749595558479
0.9595,0.0949110597241426,88.9302723383612
0.96,0.09385305222878865,88.89743046461554
0.9605,0.08970463704268107,90.03093875243663
0.961,0.09113274862099459,90.16974324070289
0.9615,0.08888365251424626,89.96249003957398
0.962,0.08928880666964473,88.99957959196568
0.9625,0.09337235978051402,88.84694547929473
0.963,0.09140772962750607,88.64628992182983
0.9635,0.08619884320830765,89.22533682982728
0.964,0.08556625834374479,89.4998128742872
0.9645,0.08765828286783962,88.81298115001671
0.965,0.09147628387562397,88.91781472499564
0.9655,0.08890443701563373,89.32519738130509
0.966,0.0898245656836373,90.23879465307091
0.9665,0.08881432271654514,90.77912219678134
0.967,0.08852929341934541,91.24302013096039
0.9675,0.09373447777597185,91.28314536468115
0.968,0.09056709131066029,91.52946110744267
0.9685,0.09100348814481017,92.30272941380903
0.969,0.09187342992738604,91.47659715460352
0.9695,0.09400334790393673,91.26360469430949
0.97,0.09412386806780178,90.78387218855264
0.9705,0.09467666599738772,91.02363737856916
0.971,0.09378625477264639,91.7977278950773
0.9715,0.09425845812629752,91.42613126547447
0.972,0.09347025841855404,89.92952076130288
0.9725,0.09466483039781644,89.67969037946676
0.973,0.09381997341304474,90.24687563568669
0.9735,0.09451408142482026,90.58279921121294
0.974,0.09437196123044282,90.85305418108975
0.9745,0.09661092437318461,90.68194776626635
0.975,0.09641884878728532,89.87945458837413
0.9755,0.09264101124912841,90.20462438138942
0.976,0.09513860961426013,89.6960459537406
0.9765,0.09318183728988882,91.0507993656528
0.977,0.09176333005959647,91.4090061304894
0.9775,0.09047525355566009,91.05314358541703
0.978,0.09317283743773497,90.68236504987229
0.9785,0.08872001329194584,90.62846493393455
0.979,0.09491646625225016,90.48752298616523
0.9795,0.09701664213955935,91.1873408891531
0.98,0.09739756092590249,91.30938144497158
0.9805,0.09719654205398316,90.84683949701402
0.981,0.0977079475529834,92.04771907589748
0.9815,0.09871411085296648,92.08312464461108
0.982,0.09998592012218166,92.58419041808938
0.9825,0.10107447332200327,92.18973472543675
0.983,0.10117390911302974,92.43139836467385
0.9835,0.10066108031534363,92.63962361008862
0.984,0.10024813064769764,91.40140872143147
0.9845,0.09974378290521065,92.70916321414481
0.985,0.10205617370081821,93.55787254174686
0.9855,0.10323509241116026,93.2961609634668
0.986,0.09680264206815332,92.56105291769263
0.9865,0.09808638943292948,92.78857010701316
0.987,0.09840838606601336,92.8486183534356
0.9875,0.09828140332210424,93.08397704369558
0.988,0.0973769219083699,93.21270899756523
0.9885,0.09964397687834144,93.54570242296565
0.989,0.10156093683771894,94.50508495833284
0.9895,0.09981632791625815,94.89145265393333
0.99,0.10058929836401732,94.19159347571036
0.9905,0.0984311548449316,95.10554594322603
0.991,0.09543994379252493,96.20397096858545
0.9915,0.09405798179741155,98.30259283404823
0.992,0.09575112330116493,97.54913667022485
0.9925,0.09764596027500484,97.71697516070061
0.993,0.09863502267772632,96.29926401521328
0.9935,0.10007469674712044,96.67719711363364
0.994,0.10107997308405418,96.30616849930493
0.9945,0.09962023682751167,97.62691716832958
0.995,0.10044531111562979,97.09710129744052
0.9955,0.10205634448297214,95.93864617355494
0.996,0.10357972150937007,95.61951339609618
0.9965,0.10605116260865703,94.26395075665658
0.997,0.10749941810483067,94.78328913606985
0.9975,0.10817115322990874,93.35206244491293
0.998,0.11042995495437534,93.37533374138073
0.9985,0.1102651887396162,91.93739554140352
0.999,0.1081953800856081,91.72242258837232
0.9995,0.10773327422225595,92.83476171885086
1.0,0.10599153513305322,93.08420271904116
