t,X_t
0.0,0.5
0.0005,0.5050820598345581
0.001,0.505891849556131
0.0015,0.5119719467305625
0.002,0.5239088117358063
0.0025,0.5240282911173396
0.003,0.5241475819341964
0.0035,0.536430894598601
0.004,0.5432379260301448
0.0045000000000000005,0.5417305012931328
0.005,0.5470157784579004
0.0055,0.5455395386224413
0.006,0.5440514796115032
0.006500000000000001,0.5473144831741102
0.007,0.5361115229049882
0.0075,0.5262001435104234
0.008,0.5241127037367977
0.0085,0.5190081442730706
0.009000000000000001,0.5228186591046811
0.0095,0.5184204017827039
0.01,0.5106503295350663
0.0105,0.522205574546571
0.011,0.5223855071434156
0.0115,0.5245325363437993
0.012,0.5166637036173614
0.0125,0.5147202140248734
0.013000000000000001,0.5171775048423061
0.0135,0.5111634614378545
0.014,0.5154058117083585
0.0145,0.513088090357363
0.015,0.5128486289720209
0.0155,0.5105301367372228
0.016,0.5246792711967854
0.0165,0.5262770308827286
0.017,0.5208659976924522
0.0175,0.5280816317122491
0.018000000000000002,0.521571759459266
0.0185,0.5246689296499847
0.019,0.5132113904944479
0.0195,0.5060186191419005
0.02,0.5090741579106597
0.0205,0.5157552569318276
0.021,0.5186154421672822
0.021500000000000002,0.5195431112991603
0.022,0.5192243885260702
0.0225,0.5110081005246855
0.023,0.5079017185238336
0.0235,0.5065419054127098
0.024,0.5153669421242323
0.0245,0.5193835863302836
0.025,0.5092582944610993
0.025500000000000002,0.5131591700829007
0.026000000000000002,0.5122930616898689
0.0265,0.5094713982111965
0.027,0.5153009690018875
0.0275,0.5239288716305951
0.028,0.5318662664088324
0.0285,0.5279069584533058
0.029,0.52751293138151
0.029500000000000002,0.5314163317062909
0.03,0.539631946535118
0.0305,0.5380684681621141
0.031,0.5384778587143487
0.0315,0.532710143444274
0.032,0.5263539701059236
0.0325,0.5334886740977008
0.033,0.5442528871055284
0.0335,0.5454091963069997
0.034,0.553777576648264
0.0345,0.5578190609120014
0.035,0.5550969183849463
0.035500000000000004,0.5591334915110435
0.036000000000000004,0.5710531207257608
0.0365,0.572385159547503
0.037,0.5844501453735259
0.0375,0.5684152356006913
0.038,0.5755076871236705
0.0385,0.5776528473913292
0.039,0.5772029129886095
0.0395,0.5793754557081426
0.04,0.567593999459833
0.0405,0.5677014106393323
0.041,0.571677741069294
0.0415,0.5831625613593733
0.042,0.5812279926396542
0.0425,0.5773513826917264
0.043000000000000003,0.5755421156620639
0.043500000000000004,0.583243964458696
0.044,0.5869911840341819
0.0445,0.5849699665919047
0.045,0.5899506442886598
0.0455,0.5921269836762321
0.046,0.6001445343517301
0.0465,0.5969346576906794
0.047,0.5962442965461144
0.0475,0.595123344349943
0.048,0.5868179792587367
0.0485,0.5903373695176872
0.049,0.5936127380973298
0.0495,0.595163008362044
0.05,0.595101442510518
0.0505,0.5871190933264746
0.051000000000000004,0.5858295209847963
0.051500000000000004,0.5850659483148448
0.052000000000000005,0.5812214439117104
0.0525,0.5816864528566772
0.053,0.5859426922711485
0.0535,0.6001307552203959
0.054,0.6028015319029106
0.0545,0.6060222286170165
0.055,0.6070077746605729
0.0555,0.5956187466118857
0.056,0.5969518392618017
0.0565,0.5988634961948289
0.057,0.6168902678800137
0.0575,0.6170576456299095
0.058,0.6205378425835117
0.0585,0.6217536443470122
0.059000000000000004,0.6153595296283597
0.059500000000000004,0.6244874193027684
0.06,0.6309703208813571
0.0605,0.6376992986970405
0.061,0.6330046939498782
0.0615,0.6438324125281129
0.062,0.635818928684591
0.0625,0.6411661384273256
0.063,0.6572572461242813
0.0635,0.6519693833374455
0.064,0.6495406192224151
0.0645,0.651585249353519
0.065,0.6495788688672752
0.0655,0.6405527551688462
0.066,0.6424113076981418
0.0665,0.6366791294789703
0.067,0.6412643862608618
0.0675,0.6364935400314872
0.068,0.6482995822522631
0.0685,0.6444246104808394
0.069,0.6436530946251198
0.0695,0.6505012012852721
0.07,0.6436180594341835
0.07050000000000001,0.6465348619133955
0.07100000000000001,0.6566871049232275
0.07150000000000001,0.647262061805409
0.07200000000000001,0.6498824682267744
0.0725,0.6530011088385737
0.073,0.6596132333294517
0.0735,0.6526664826231078
0.074,0.6451769241719633
0.0745,0.6500652723245395
0.075,0.653432342896603
0.0755,0.6564791191631146
0.076,0.6601619666065618
0.0765,0.6569498171785558
0.077,0.6598654478002425
0.0775,0.6631817740986314
0.078,0.6597318046717938
0.0785,0.6735984710729327
0.079,0.6780930427586584
0.0795,0.6714063033470268
0.08,0.6771320830879933
0.0805,0.6719008894671195
0.081,0.6785010612774866
0.0815,0.6875769040435666
0.082,0.6833526574281581
0.0825,0.6911067993232606
0.083,0.6951480509622886
0.0835,0.7019247280329091
0.084,0.7158939903582032
0.0845,0.7154581418575486
0.085,0.7116132806010949
0.0855,0.7068672032047633
0.08600000000000001,0.7026274134349728
0.08650000000000001,0.7033536309110913
0.08700000000000001,0.7068837638528586
0.08750000000000001,0.7099726527513784
0.088,0.716746635043581
0.0885,0.7180419877981974
0.089,0.7289974858411105
0.0895,0.728399620117018
0.09,0.7478260705671055
0.0905,0.7531536095534014
0.091,0.7485207378387947
0.0915,0.7424656707274201
0.092,0.7468460299038584
0.0925,0.7464798808938086
0.093,0.7524033421138491
0.0935,0.7566969082527354
0.094,0.7573166147838191
0.0945,0.7527428582972974
0.095,0.7436990970417806
0.0955,0.7418445359418003
0.096,0.7487348223618142
0.0965,0.7512991698022075
0.097,0.7440642521034793
0.0975,0.7463658244410493
0.098,0.750084697441904
0.0985,0.745280389769006
0.099,0.7474484081548112
0.0995,0.7489702630884094
0.1,0.742430559584051
0.1005,0.7459745937627779
0.101,0.750871514243439
0.1015,0.7592596640663972
0.10200000000000001,0.7674306339757677
0.10250000000000001,0.7592703703190146
0.10300000000000001,0.7540810727724621
0.10350000000000001,0.7586508316953959
0.10400000000000001,0.7632007855525296
0.1045,0.7677478285033512
0.105,0.794673367468567
0.1055,0.799516334018754
0.106,0.8081351490767779
0.1065,0.8155144495855623
0.107,0.8208453288152037
0.1075,0.8196783251064732
0.108,0.825720449603266
0.1085,0.8214718793359622
0.109,0.8208295721286
0.1095,0.8185215805380395
0.11,0.8200245050104957
0.1105,0.8365016454473221
0.111,0.8248843956257406
0.1115,0.8304257579444643
0.112,0.8205312666004845
0.1125,0.8183141232360228
0.113,0.8265732406048067
0.1135,0.8279380109801721
0.114,0.8216384341951856
0.1145,0.8177859349543084
0.115,0.823300350408844
0.1155,0.8193426512217706
0.116,0.8217463429555733
0.1165,0.8229976822938383
0.117,0.8195691200738764
0.11750000000000001,0.8349022114447626
0.11800000000000001,0.8400674139945505
0.11850000000000001,0.8273821759958756
0.11900000000000001,0.8295644941234537
0.11950000000000001,0.8260511843227109
0.12,0.8327043530105777
0.1205,0.8283062013939096
0.121,0.8284657604425757
0.1215,0.8327821536921881
0.122,0.8395078607060714
0.1225,0.8323572579763299
0.123,0.8310324623256948
0.1235,0.8287688511658285
0.124,0.8253142633107462
0.1245,0.8380940047297707
0.125,0.8417154696240049
0.1255,0.8341529142490492
0.126,0.841224737086151
0.1265,0.8563575317896137
0.127,0.8641426254811378
0.1275,0.8547900253369008
0.128,0.8524047093617071
0.1285,0.8617723959414039
0.129,0.8578707738593768
0.1295,0.8617033281579385
0.13,0.8677454730410062
0.1305,0.8623580707238101
0.131,0.8628028673193834
0.1315,0.8419027778341518
0.132,0.835926219685564
0.1325,0.8351421254699504
0.133,0.8276838861081124
0.1335,0.8395652243213327
0.134,0.8308726312448638
0.1345,0.8288435415106162
0.135,0.8306484671115275
0.1355,0.8412402010892683
0.136,0.8325050444574762
0.1365,0.8412265215026791
0.137,0.8421921006590954
0.1375,0.8365024602147058
0.138,0.8405110884074435
0.1385,0.8427451437190729
0.139,0.8396119036440661
0.1395,0.8409811205059827
0.14,0.8392939055190042
0.1405,0.8409571682570279
0.14100000000000001,0.8462964829310359
0.14150000000000001,0.8578200659667846
0.14200000000000002,0.8503719970049287
0.14250000000000002,0.865554889884438
0.14300000000000002,0.853295999606386
0.14350000000000002,0.8531445542359576
0.14400000000000002,0.8579582446484646
0.1445,0.8606982997889839
0.145,0.8573693586718856
0.1455,0.8568298087769186
0.146,0.8543805834463721
0.1465,0.8512910530075466
0.147,0.8578621295033239
0.1475,0.8611124068664795
0.148,0.8573114469775193
0.1485,0.8642028677821327
0.149,0.867103788467077
0.1495,0.8733888738580846
0.15,0.8784290803468464
0.1505,0.8736719400536895
0.151,0.8707299515467944
0.1515,0.876566124568547
0.152,0.881469197471987
0.1525,0.8821253123234812
0.153,0.8837070550567743
0.1535,0.8930686240974767
0.154,0.8898675710202903
0.1545,0.8943129428965646
0.155,0.8937208109931436
0.1555,0.8930262590621407
0.156,0.901164512613925
0.1565,0.907448662530621
0.157,0.91363722941364
0.1575,0.9231105544080532
0.158,0.9239436760750717
0.1585,0.9292084964887045
0.159,0.9278041425707787
0.1595,0.9306592062148987
0.16,0.9304595320502647
0.1605,0.9317840519339396
0.161,0.9364470265025954
0.1615,0.9316171177314198
0.162,0.946324235488156
0.1625,0.9402098551446966
0.163,0.9327143056797361
0.1635,0.9411513638314202
0.164,0.9471091202186969
0.1645,0.9519280704292501
0.165,0.956763320069392
0.1655,0.9572892579194465
0.166,0.9518770694713944
0.1665,0.9530058892330925
0.167,0.9490808356539062
0.1675,0.9562494355951422
0.168,0.9558723211012586
0.1685,0.9509450367567147
0.169,0.9494117523979967
0.1695,0.9528082514224261
0.17,0.9496446515319039
0.1705,0.9447549178121543
0.171,0.9470277340280537
0.1715,0.9493034504086261
0.17200000000000001,0.9465295135800262
0.17250000000000001,0.9440033687819694
0.17300000000000001,0.9461999986623333
0.17350000000000002,0.9371204535914543
0.17400000000000002,0.9283360984313525
0.17450000000000002,0.924195787834987
0.17500000000000002,0.9234534513429054
0.17550000000000002,0.9262304490687364
0.176,0.9368118633224429
0.1765,0.9432231893212465
0.177,0.9427922310722845
0.1775,0.9433076858939697
0.178,0.9372242452529254
0.1785,0.937756994748126
0.179,0.9364762212445017
0.1795,0.939299892606941
0.18,0.9344024090068008
0.1805,0.9385502853134463
0.181,0.9494858348038614
0.1815,0.9493825349612742
0.182,0.9527038427777863
0.1825,0.9579517098100292
0.183,0.9558653617882003
0.1835,0.9579789564514539
0.184,0.9586684814527693
0.1845,0.9599270414375338
0.185,0.9553417165620203
0.1855,0.9561177815179653
0.186,0.9600681611598811
0.1865,0.9704025580134135
0.187,0.9774115359462566
0.1875,0.9924119941352587
0.188,0.9877834402109611
0.1885,0.9941656863360837
0.189,0.9959101676841298
0.1895,1.0111100369129289
0.19,1.0061600320841946
0.1905,1.0010116066400614
0.191,0.9974882295221824
0.1915,0.9837469832983433
0.192,0.9807607439361273
0.1925,0.9762164253707638
0.193,0.9777847564972
0.1935,0.9806328633866205
0.194,0.9937670178298226
0.1945,1.0006582372141088
0.195,0.9972866042494858
0.1955,0.9917666389075078
0.196,0.9955871164310108
0.1965,0.9872417550487812
0.197,1.0000594495564739
0.1975,1.0084712257885526
0.198,1.0058027217695997
0.1985,0.9947961591802279
0.199,1.004391220766756
0.1995,1.0041118860744875
0.2,1.0129051306109935
0.2005,1.0026771218936559
0.201,0.9991496992029014
0.2015,0.9996870007619645
0.202,1.0005029386639035
0.2025,0.9979825503515846
0.203,1.0026657983412361
0.20350000000000001,0.9959973182825822
0.20400000000000001,0.9955522143655487
0.20450000000000002,0.9968703014593471
0.20500000000000002,1.000829086315362
0.20550000000000002,1.0061006713231946
0.20600000000000002,0.9990410911417655
0.20650000000000002,0.9892523377008795
0.20700000000000002,0.9983501235377502
0.20750000000000002,1.001083478390892
0.20800000000000002,0.9965597693669633
0.2085,1.0074738137256503
0.209,1.00873109822799
0.2095,1.0171202364901424
0.21,1.0180303636414285
0.2105,1.0323092050659082
0.211,1.0445036163953978
0.2115,1.0432222550745307
0.212,1.0501316955107385
0.2125,1.0548356797549092
0.213,1.0643796501519032
0.2135,1.058245797673699
0.214,1.063202356281373
0.2145,1.0706444776956077
0.215,1.059169883362303
0.2155,1.0515844192460695
0.216,1.0382758728838246
0.2165,1.036872947215352
0.217,1.0420941846293783
0.2175,1.0525670666526936
0.218,1.0534326918834516
0.2185,1.064724195361074
0.219,1.055804382843426
0.2195,1.044738235108085
0.22,1.044753764228135
0.2205,1.0477182691724765
0.221,1.0478796504618082
0.2215,1.0343911281099514
0.222,1.0342073148901523
0.2225,1.025871149169815
0.223,1.030798771322439
0.2235,1.033680990190247
0.224,1.0277918824360537
0.2245,1.0247752786543043
0.225,1.0181079201447765
0.2255,1.0181421861776012
0.226,1.02500412018264
0.2265,1.0188291585417883
0.227,1.0226633324629932
0.2275,1.019549597891032
0.228,1.0146819712449504
0.2285,1.0144272848352942
0.229,1.0079466000048627
0.2295,1.004712741057495
0.23,0.9971653500151326
0.2305,1.010852213503005
0.231,1.011561638067258
0.2315,1.007338832567704
0.232,1.0092559063649478
0.2325,1.0089792471343695
0.233,1.0079744898799818
0.2335,1.0125745091277232
0.234,1.0181245890543418
0.23450000000000001,1.0150205676971096
0.23500000000000001,1.0116203100915693
0.23550000000000001,1.010246156439867
0.23600000000000002,0.9952787844391846
0.23650000000000002,0.9856263768361585
0.23700000000000002,0.9953315822301717
0.23750000000000002,1.0068780321591402
0.23800000000000002,1.0056902525388562
0.23850000000000002,1.0100436885943898
0.23900000000000002,1.0126065088836036
0.23950000000000002,1.033728752958371
0.24,1.0416547678995882
0.2405,1.0411925336896322
0.241,1.0351795922141103
0.2415,1.024815273710674
0.242,1.0266181110886423
0.2425,1.0219778107670556
0.243,1.0128820983124032
0.2435,1.0090125503018992
0.244,1.0022347743551114
0.2445,1.0140468775703009
0.245,1.0204259796609911
0.2455,1.020821432608006
0.246,1.0311971461188674
0.2465,1.0321381556391827
0.247,1.0267801401837349
0.2475,1.0374306167581002
0.248,1.0414521586905137
0.2485,1.0348904695623646
0.249,1.0340264127196317
0.2495,1.0285675208771088
0.25,1.019719999481802
0.2505,1.026383687349642
0.251,1.0396264843476493
0.2515,1.0306455416382205
0.252,1.0348454402315688
0.2525,1.0308936835901552
0.253,1.028048712966189
0.2535,1.0245046919316056
0.254,1.0191476039229672
0.2545,1.0199252278885507
0.255,1.01480123198021
0.2555,1.0170785084425271
0.256,1.017198804688053
0.2565,1.0160528954486805
0.257,1.0104246410833577
0.2575,1.007029479772778
0.258,1.0125792244650058
0.2585,1.0164080310517216
0.259,1.0103093710366993
0.2595,1.011449938971012
0.26,1.0169617721794166
0.2605,1.0062206566772145
0.261,1.010350076014808
0.2615,1.006379185519243
0.262,1.0106909297879805
0.2625,1.006044104388076
0.263,0.9944214769217302
0.2635,0.9840175366473084
0.264,0.984880056433978
0.2645,0.9871601278002996
0.265,0.981625887140049
0.2655,0.9864556308654336
0.266,0.9758436763726309
0.2665,0.9759607904165547
0.267,0.9683971448069464
0.2675,0.9646035024032255
0.268,0.9655099536005375
0.2685,0.9603243503959633
0.269,0.9583438625059065
0.2695,0.9656984202296599
0.27,0.9624142658713236
0.2705,0.9686142233191594
0.271,0.9616143837958757
0.2715,0.9657643823061319
0.272,0.9760203076404316
0.2725,0.9599999615158362
0.273,0.9552542257255094
0.2735,0.9597372076740839
0.274,0.9589757947977692
0.2745,0.962068077518055
0.275,0.9586112515195614
0.2755,0.9597955853436025
0.276,0.9593517817375857
0.2765,0.9677871225015703
0.277,0.9700743615968593
0.2775,0.9729138831982224
0.278,0.9707186438063781
0.2785,0.9680208852070279
0.279,0.965699144457444
0.2795,0.9689309620089852
0.28,0.966684584854203
0.2805,0.9692117422266395
0.281,0.9837109246700586
0.28150000000000003,0.9900953295196413
0.28200000000000003,0.9884330588552666
0.28250000000000003,0.9970199641645616
0.28300000000000003,0.994789961432091
0.28350000000000003,0.9816308315067073
0.28400000000000003,0.9754143058727456
0.28450000000000003,0.96342611638655
0.28500000000000003,0.9616595269596112
0.28550000000000003,0.9623789323859218
0.28600000000000003,0.9742188684257507
0.28650000000000003,0.9769764167490127
0.28700000000000003,0.9760642046781719
0.28750000000000003,0.9821878659478085
0.28800000000000003,0.9678996497077641
0.2885,0.9700604510887526
0.289,0.9758064208860902
0.2895,0.9664482467653951
0.29,0.9747046615189343
0.2905,0.9775386027970279
0.291,0.9753089202728865
0.2915,0.9801154777748329
0.292,0.9958974598386174
0.2925,0.9976277121163932
0.293,0.9997987571492495
0.2935,0.997217773663644
0.294,0.9920237998882286
0.2945,0.9981138023783453
0.295,0.9928757329848885
0.2955,0.9938736245663756
0.296,0.9911847169421824
0.2965,0.9949198495004867
0.297,0.9976708233235474
0.2975,1.0051366757994344
0.298,1.0022025400974994
0.2985,1.0008866576450377
0.299,0.9948186943937266
0.2995,0.9923512378633168
0.3,0.995401368419836
0.3005,1.000990899013824
0.301,0.9953023487122267
0.3015,1.0016475866934236
0.302,1.0112373629421705
0.3025,1.0144826751784528
0.303,1.0275363975408072
0.3035,1.022776820798603
0.304,1.014870481171249
0.3045,1.003401286799805
0.305,1.0139285539163305
0.3055,1.0187833508007866
0.306,1.0188635191157964
0.3065,1.0211944469580618
0.307,1.0140914507875949
0.3075,1.0309628252082097
0.308,1.0322522601862776
0.3085,1.0334054721271753
0.309,1.0386905489673712
0.3095,1.0423205306148575
0.31,1.0442165889804134
0.3105,1.039303383657404
0.311,1.0428678310856492
0.3115,1.055885665636249
0.312,1.0652713035166386
0.3125,1.0762955460518746
0.313,1.073175468175754
0.3135,1.0668540585584356
0.314,1.06634311909997
0.3145,1.0670510753779732
0.315,1.0747235075366426
0.3155,1.0636833008831321
0.316,1.0742846280988858
0.3165,1.0735389673220253
0.317,1.0709915146315894
0.3175,1.0645246332947904
0.318,1.0537622056776208
0.3185,1.0596497963118778
0.319,1.0604925036969142
0.3195,1.0521879516572585
0.32,1.0438698292664617
0.3205,1.0420076424530442
0.321,1.0535987601062842
0.3215,1.0522233714819584
0.322,1.042509423584038
0.3225,1.0412546554361921
0.323,1.0398220334745352
0.3235,1.0221312128071633
0.324,1.022211663738056
0.3245,1.021106978655015
0.325,1.02622450548265
0.3255,1.0390621187660745
0.326,1.0470216914305877
0.3265,1.0456003770306266
0.327,1.0385635746356168
0.3275,1.0562297880509244
0.328,1.0569864629127295
0.3285,1.057437437286235
0.329,1.0576320076887962
0.3295,1.0593167206407255
0.33,1.0587000297561582
0.3305,1.0552050379512883
0.331,1.0518985840562587
0.3315,1.0520491219800527
0.332,1.0487735949883654
0.3325,1.044369746118274
0.333,1.0454727774249177
0.3335,1.044148656308755
0.334,1.054627376348445
0.3345,1.0372075618139749
0.335,1.044936593465856
0.3355,1.0536832455707332
0.336,1.0401403129461602
0.3365,1.0382411438975663
0.337,1.0361538399598584
0.3375,1.0271215798744138
0.338,1.0223360229622669
0.3385,1.0153302136509685
0.339,1.0275464755962178
0.3395,1.0342543308836938
0.34,1.0431985459451139
0.3405,1.0484316729582408
0.341,1.0412366842441705
0.3415,1.0381150036206264
0.342,1.0418025404676692
0.3425,1.0339997515428743
0.343,1.0391976910371654
0.3435,1.0379875450285685
0.34400000000000003,1.0358782017508104
0.34450000000000003,1.0410577707009856
0.34500000000000003,1.044435335167409
0.34550000000000003,1.0424028121764437
0.34600000000000003,1.0505738258919943
0.34650000000000003,1.043695398061778
0.34700000000000003,1.0482179812272934
0.34750000000000003,1.052576080465299
0.34800000000000003,1.0508681396226385
0.34850000000000003,1.0534287360959043
0.34900000000000003,1.0454024392425532
0.34950000000000003,1.0519874948284262
0.35000000000000003,1.0511171648525408
0.35050000000000003,1.0479828393185557
0.35100000000000003,1.0553998500342465
0.35150000000000003,1.051036469294431
0.352,1.0419606325141555
0.3525,1.0319135449895938
0.353,1.0363989994658702
0.3535,1.0282186207495023
0.354,1.040419591429943
0.3545,1.0268525354102165
0.355,1.038665579352768
0.3555,1.0404844636077006
0.356,1.040234481171308
0.3565,1.036978466607354
0.357,1.0400635068927346
0.3575,1.040210886866698
0.358,1.0480115336732085
0.3585,1.0491577672009804
0.359,1.050543127650278
0.3595,1.0484775849592742
0.36,1.0484743881398917
0.3605,1.050917999206054
0.361,1.0398185458711835
0.3615,1.0311750967561977
0.362,1.0365831261327159
0.3625,1.0381378685213623
0.363,1.0373083261096234
0.3635,1.03783871387663
0.364,1.0405757660547106
0.3645,1.037353508629518
0.365,1.0325390980383176
0.3655,1.0342715202036292
0.366,1.0281227172888727
0.3665,1.031291053236988
0.367,1.0202915475745384
0.3675,1.027644604599064
0.368,1.0312457733775786
0.3685,1.0333851586146958
0.369,1.040393787241094
0.3695,1.0519651449908125
0.37,1.0591398333874997
0.3705,1.0471430240461754
0.371,1.038941503245868
0.3715,1.0351527390477566
0.372,1.0357398812857646
0.3725,1.039623093859355
0.373,1.0351555986233234
0.3735,1.0368205791706904
0.374,1.0321612649654084
0.3745,1.0284786756721709
0.375,1.0194713094814192
0.3755,1.0137293943155403
0.376,1.0051276948428571
0.3765,0.9990685188125065
0.377,1.0066388915589257
0.3775,1.0007535329704556
0.378,1.0189102048572125
0.3785,1.022672206427731
0.379,1.0243554443234995
0.3795,1.0190365166761877
0.38,1.0241867468715167
0.3805,1.0207647840746743
0.381,1.022031338832895
0.3815,1.0396498296529582
0.382,1.0394063156817372
0.3825,1.047517359739439
0.383,1.04318151547982
0.3835,1.0433388517615767
0.384,1.0556093964198152
0.3845,1.0517645500461663
0.385,1.0642934132152586
0.3855,1.069380423998877
0.386,1.0659338311009257
0.3865,1.0705113166052487
0.387,1.0773591318972913
0.3875,1.0818369621013606
0.388,1.0715989820552303
0.3885,1.0670422001377573
0.389,1.0657141891530395
0.3895,1.0655505890583585
0.39,1.0700503075912946
0.3905,1.071567236375586
0.391,1.0629305560063071
0.3915,1.0658236743355374
0.392,1.0702550488473395
0.3925,1.0743345997094078
0.393,1.0818988607234692
0.3935,1.0877882334482039
0.394,1.091149036477789
0.3945,1.090950477985061
0.395,1.0800810371241587
0.3955,1.083262801158407
0.396,1.08494785551527
0.3965,1.0870572921001396
0.397,1.0787749590527584
0.3975,1.0718260739195058
0.398,1.0792112728469578
0.3985,1.0792479006261886
0.399,1.0841214265327392
0.3995,1.0846010884085278
0.4,1.085089195939488
0.4005,1.0916706720666878
0.401,1.0884797621113476
0.4015,1.0894033604799396
0.402,1.0865788151691511
0.4025,1.0839476788297107
0.403,1.082163819978165
0.4035,1.0839485290686337
0.404,1.0810271143594405
0.4045,1.0897484147533745
0.405,1.0840228354936994
0.4055,1.0830592053067292
0.406,1.0804017516791056
0.40650000000000003,1.0904073700339691
0.40700000000000003,1.0919998811336307
0.40750000000000003,1.099191705028188
0.40800000000000003,1.0894782838292456
0.40850000000000003,1.0915460157633516
0.40900000000000003,1.097784975525617
0.40950000000000003,1.098592490867242
0.41000000000000003,1.105993469282088
0.41050000000000003,1.102758409193683
0.41100000000000003,1.1124557032112097
0.41150000000000003,1.1280960413864598
0.41200000000000003,1.12584180622499
0.41250000000000003,1.1230386799434284
0.41300000000000003,1.1329806827084044
0.41350000000000003,1.1437443230812907
0.41400000000000003,1.1403775105832912
0.41450000000000004,1.1377078679480062
0.41500000000000004,1.1359733296568604
0.41550000000000004,1.1271145481275473
0.41600000000000004,1.121134257157225
0.4165,1.1145954404740228
0.417,1.1096584092272428
0.4175,1.1096515899062085
0.418,1.1114486211212937
0.4185,1.122071073071728
0.419,1.1155687328869381
0.4195,1.1223828464390286
0.42,1.1211414085165865
0.4205,1.1210067423436885
0.421,1.1257310522589083
0.4215,1.1183852763481132
0.422,1.1211545957204208
0.4225,1.1224683045888275
0.423,1.1259655973331393
0.4235,1.1280904855740244
0.424,1.1447409134141058
0.4245,1.1406009712603038
0.425,1.1371874329704648
0.4255,1.1331643106581764
0.426,1.1296051460863665
0.4265,1.1255054103872286
0.427,1.133667812231043
0.4275,1.143362674882963
0.428,1.139675585663566
0.4285,1.1342427857706716
0.429,1.1375695304954374
0.4295,1.1340211818719363
0.43,1.138431964626128
0.4305,1.139947133721032
0.431,1.1299293452538421
0.4315,1.140485502367833
0.432,1.1526814022808607
0.4325,1.14868898727186
0.433,1.1462164836746815
0.4335,1.148268585803721
0.434,1.1506415186930536
0.4345,1.1551825641759899
0.435,1.1687794697576304
0.4355,1.167670522995916
0.436,1.16239620597331
0.4365,1.1532374607888376
0.437,1.1484511393685453
0.4375,1.1483577890304202
0.438,1.1605251546749917
0.4385,1.1571515996366037
0.439,1.1587599358547422
0.4395,1.158752867879087
0.44,1.1668279701396898
0.4405,1.183862078250746
0.441,1.180341247064974
0.4415,1.1771071343542905
0.442,1.1841688106201216
0.4425,1.1887826557658203
0.443,1.2011987884710837
0.4435,1.205112900849007
0.444,1.2026899139805507
0.4445,1.2066454222535992
0.445,1.2140662184172075
0.4455,1.2195350146656183
0.446,1.222889074779283
0.4465,1.2299873234397345
0.447,1.237756228409217
0.4475,1.246933642217211
0.448,1.2511679863306482
0.4485,1.2499190042012482
0.449,1.2507783920190285
0.4495,1.258744954232708
0.45,1.2531179207664107
0.4505,1.2554582617048833
0.451,1.252681019082962
0.4515,1.252742142669505
0.452,1.2611864031250846
0.4525,1.2623153686368598
0.453,1.2624710860502204
0.4535,1.25319271602254
0.454,1.258065755338749
0.4545,1.262250630472699
0.455,1.2766065577383927
0.4555,1.2743504021779972
0.456,1.275634631262396
0.4565,1.2771184612920097
0.457,1.287507543433423
0.4575,1.2866495127097317
0.458,1.2883046222243821
0.4585,1.2921617544258543
0.459,1.2931831620935874
0.4595,1.2899554364596255
0.46,1.2910325431220957
0.4605,1.298007102490756
0.461,1.290876010766249
0.4615,1.2915408084303486
0.462,1.2866154032052732
0.4625,1.2944154811929336
0.463,1.2839615941053493
0.4635,1.2800023283862587
0.464,1.2823327367489863
0.4645,1.2926287593564458
0.465,1.291956121298162
0.4655,1.2880018393466315
0.466,1.3004010199991352
0.4665,1.2904364449080514
0.467,1.2754603150307793
0.4675,1.2782233709074067
0.468,1.274659930358008
0.4685,1.2676226425322392
0.46900000000000003,1.2722053854312934
0.46950000000000003,1.2736603368745814
0.47000000000000003,1.2696922315434478
0.47050000000000003,1.260929457962629
0.47100000000000003,1.2666297559982291
0.47150000000000003,1.2708248637071315
0.47200000000000003,1.2699825096284498
0.47250000000000003,1.2821951709131645
0.47300000000000003,1.2748113361483049
0.47350000000000003,1.2643907738572102
0.47400000000000003,1.2595883364872618
0.47450000000000003,1.2591335653518607
0.47500000000000003,1.2606181020893599
0.47550000000000003,1.2588482961621639
0.47600000000000003,1.2610628348171133
0.47650000000000003,1.2525145960430384
0.47700000000000004,1.2620683769475785
0.47750000000000004,1.2613621191472568
0.47800000000000004,1.2687037621406132
0.47850000000000004,1.2708310742515996
0.47900000000000004,1.2737179903068798
0.47950000000000004,1.277355810440976
0.48,1.2801657412377954
0.4805,1.284276842229951
0.481,1.2929823763539021
0.4815,1.294068224496428
0.482,1.298589195729999
0.4825,1.297740757403371
0.483,1.3071570054778008
0.4835,1.30235173546352
0.484,1.3141769318191105
0.4845,1.3136221017671292
0.485,1.303740115346161
0.4855,1.3043401155976706
0.486,1.2995106319017682
0.4865,1.30490106368317
0.487,1.3002608762795622
0.4875,1.2970171346275559
0.488,1.2840991672290405
0.4885,1.280854756281487
0.489,1.264392742559987
0.4895,1.2536066175543834
0.49,1.258573617597175
0.4905,1.2636984912676021
0.491,1.2663933011285107
0.4915,1.2597406447097168
0.492,1.259271235591046
0.4925,1.2590988909351741
0.493,1.2511805971445265
0.4935,1.2611377480516923
0.494,1.2668704288494295
0.4945,1.2652209800374803
0.495,1.2652382832782583
0.4955,1.2664730619418016
0.496,1.2526105054134622
0.4965,1.2508208628604789
0.497,1.2461189212890063
0.4975,1.2392845526965366
0.498,1.2373006632246308
0.4985,1.2492666593953823
0.499,1.2534423973489595
0.4995,1.2494772062101651
0.5,1.2531945152602144
0.5005,1.2691930665349707
0.501,1.28000681366851
0.5015,1.2810095073166035
0.502,1.2739173538881292
0.5025,1.282191573437113
0.503,1.2870247180004764
0.5035,1.2976514900663931
0.504,1.3053480547982854
0.5045,1.3179283269260886
0.505,1.3119485048723287
0.5055,1.3277353527499016
0.506,1.33041390559502
0.5065,1.3554412495753727
0.507,1.347424786107423
0.5075,1.368683015712155
0.508,1.3714479851526817
0.5085,1.363800160662344
0.509,1.358238574779041
0.5095,1.354686409522649
0.51,1.360164565691286
0.5105,1.3668652569709656
0.511,1.3601931381853958
0.5115,1.3602368900280626
0.512,1.3866405143972402
0.5125,1.4084130110758566
0.513,1.4142615834842402
0.5135,1.4150958754032126
0.514,1.416968886149007
0.5145,1.4250987048485388
0.515,1.4124179844542997
0.5155,1.40951963815472
0.516,1.3888359668913206
0.5165,1.394142376024256
0.517,1.4025611786603158
0.5175,1.3968502986354325
0.518,1.4168646010237584
0.5185,1.4016849068051502
0.519,1.3836763855654444
0.5195,1.386800115391775
0.52,1.400134936188872
0.5205,1.4215731122741395
0.521,1.4160938213091143
0.5215,1.4301103387383016
0.522,1.4299752931014553
0.5225,1.428124868593856
0.523,1.4397693628470418
0.5235,1.4485297161276212
0.524,1.4284680429600505
0.5245,1.4476903351349448
0.525,1.4659224202997116
0.5255,1.4580867675289362
0.526,1.463613170706117
0.5265,1.4704464005259443
0.527,1.474242412376196
0.5275,1.467354635464406
0.528,1.4589068077343545
0.5285,1.458938082962452
0.529,1.4746059213638336
0.5295,1.4821442654911354
0.53,1.4776016780519836
0.5305,1.488169903563384
0.531,1.4506261452702918
0.5315,1.465893800907869
0.532,1.4434502733265862
0.5325,1.439131801624248
0.533,1.425079209200633
0.5335,1.4089330857648703
0.534,1.4239139196337627
0.5345,1.4183133148838352
0.535,1.4230635652052037
0.5355,1.4228221134185706
0.536,1.4292486919687326
0.5365,1.4305880636177093
0.537,1.414529095574435
0.5375,1.4274874287540595
0.538,1.421540097676278
0.5385,1.4021041024159524
0.539,1.397085721686155
0.5395,1.4161883592599465
0.54,1.4273119728037933
0.5405,1.4232178147733907
0.541,1.4191276918963003
0.5415,1.4153999395451828
0.542,1.4420448415012999
0.5425,1.4473315718983817
0.543,1.4532604345907523
0.5435,1.4670157413134663
0.544,1.4705157403797282
0.5445,1.4674762675926563
0.545,1.4652659453882964
0.5455,1.464693874597315
0.546,1.4645724136795022
0.5465,1.474470164656315
0.547,1.4755238477640917
0.5475,1.4855617362574411
0.548,1.4848606238508275
0.5485,1.486276192746697
0.549,1.4600843644775003
0.5495,1.4724160674766276
0.55,1.477347317196054
0.5505,1.4909041561332654
0.551,1.4526551656232303
0.5515,1.4801524624837807
0.552,1.4786744894125317
0.5525,1.4937006146113732
0.553,1.4801808295575063
0.5535,1.4886634741693276
0.554,1.4750094003367713
0.5545,1.467148840430496
0.555,1.4926326536848042
0.5555,1.4904601041083327
0.556,1.4937313342574865
0.5565,1.5057291671122814
0.557,1.5127812701246264
0.5575,1.515194742586355
0.558,1.5205196072928044
0.5585,1.5535860469007756
0.559,1.5531737901227858
0.5595,1.5563557532773136
0.56,1.5713704442133047
0.5605,1.587301193487678
0.5609999999999999,1.6045505889197074
0.5615,1.6141184868285254
0.562,1.598020323489744
0.5625,1.6217666750163562
0.563,1.6055437782341928
0.5635,1.610291136601565
0.5640000000000001,1.599829963488358
0.5645,1.599312145225357
0.565,1.6044148152233806
0.5655,1.6094274985628274
0.5660000000000001,1.6159034710065252
0.5665,1.6396305449832158
0.567,1.646691669858317
0.5675,1.6435072920159715
0.5680000000000001,1.658090227176778
0.5685,1.6761450845806938
0.569,1.6581599504434292
0.5695,1.6674345508601933
0.5700000000000001,1.6783086913731926
0.5705,1.674261468619113
0.571,1.6952813120585006
0.5715,1.693429830964323
0.5720000000000001,1.6957552317813467
0.5725,1.6935541390208737
0.573,1.6942135128725253
0.5735,1.6780246547790665
0.574,1.6568308566117231
0.5745,1.6808742671619066
0.575,1.668561102396936
0.5755,1.6541826396035595
0.576,1.6227357894431143
0.5765,1.6138674610930472
0.577,1.595172299587709
0.5775,1.61899879812871
0.578,1.6340264722690596
0.5785,1.6243775397373674
0.579,1.6575089910320016
0.5795,1.6724782488839978
0.58,1.6680371832251997
0.5805,1.6311646135786315
0.581,1.6649962942895264
0.5815,1.6447187806413137
0.582,1.6209248087221695
0.5825,1.636155258107238
0.583,1.672268164320064
0.5835,1.6933911060646143
0.584,1.7023555062432412
0.5845,1.7118370213133165
0.585,1.725331742069504
0.5855,1.7374747367174461
0.586,1.7422789456770065
0.5865,1.7443383246299475
0.587,1.743797841477456
0.5875,1.7324742036994605
0.588,1.7285580597486543
0.5885,1.7028159131915204
0.589,1.7017438605444526
0.5895,1.6871220898583492
0.59,1.6708906207127223
0.5905,1.6739968434753034
0.591,1.6952573515776617
0.5915,1.7096054561702911
0.592,1.6860180563038718
0.5925,1.6715157666929628
0.593,1.685998637302117
0.5935,1.6716041973447564
0.594,1.6686635447170468
0.5945,1.6772902274387889
0.595,1.663182311045128
0.5955,1.6651656678920717
0.596,1.6457133911207527
0.5965,1.6372728633151798
0.597,1.6423651365057088
0.5975,1.6193750315949922
0.598,1.626159768986527
0.5985,1.6262806807735712
0.599,1.6347237126992318
0.5995,1.6384063347441098
0.6,1.6588065300346002
0.6005,1.6610791646530725
0.601,1.6551146946087119
0.6015,1.6573389405527645
0.602,1.6658069569193026
0.6025,1.6669513958743336
0.603,1.667973342303668
0.6035,1.6579174570544915
0.604,1.648501868508798
0.6045,1.6282330716192854
0.605,1.6541198446656127
0.6055,1.636130545353125
0.606,1.6263996057654038
0.6065,1.6163555636894291
0.607,1.6296976849685512
0.6075,1.6258057874306087
0.608,1.6443564661852768
0.6085,1.6348621438918458
0.609,1.6393504938465944
0.6095,1.6275118075604575
0.61,1.659145424319572
0.6105,1.6419364308738846
0.611,1.6468969189732507
0.6115,1.6566443628951173
0.612,1.66318998285974
0.6125,1.6608494367979794
0.613,1.6593361511132323
0.6135,1.6604012154661882
0.614,1.6586331772909393
0.6145,1.67334723880646
0.615,1.7068501919896495
0.6155,1.6987659382356541
0.616,1.6783775357783688
0.6165,1.6774718519663356
0.617,1.7165965709626032
0.6175,1.704686336674888
0.618,1.730104414145379
0.6185,1.7564985622859557
0.619,1.7482404830808218
0.6195,1.7575745826765001
0.62,1.7836127375774247
0.6205,1.7780103714354962
0.621,1.7752173338880297
0.6214999999999999,1.7664251932357142
0.622,1.750834264994482
0.6225,1.7411043276319682
0.623,1.722479291445503
0.6234999999999999,1.723435012194167
0.624,1.7119968326334298
0.6245,1.7160046938540803
0.625,1.692553166717149
0.6255,1.6979853869372308
0.626,1.711068890171434
0.6265000000000001,1.6809839979618213
0.627,1.6870282510538808
0.6275,1.7059745994446867
0.628,1.6879435428492198
0.6285000000000001,1.71361706660157
0.629,1.7204677991060497
0.6295,1.7100489596911224
0.63,1.70962347592027
0.6305000000000001,1.7185884468945158
0.631,1.7201864125806068
0.6315,1.7289056592190644
0.632,1.7151007711866755
0.6325000000000001,1.7181275969113516
0.633,1.696832012081329
0.6335,1.695568150281702
0.634,1.6822837201833984
0.6345000000000001,1.6716369169497147
0.635,1.690536366143419
0.6355,1.7074602825230525
0.636,1.717189898301492
0.6365000000000001,1.7008423494175875
0.637,1.6964541026649176
0.6375,1.7152852108863723
0.638,1.7178882498653452
0.6385000000000001,1.7539548224488355
0.639,1.7605636219688108
0.6395,1.764027952581645
0.64,1.7595917367935299
0.6405000000000001,1.7621333371351977
0.641,1.7601707934226547
0.6415,1.7717589069651718
0.642,1.787362797684023
0.6425000000000001,1.775244293007366
0.643,1.7545504309217792
0.6435,1.7261731741912565
0.644,1.7344477795925914
0.6445,1.717764454311863
0.645,1.6851165563480202
0.6455,1.691394546879843
0.646,1.729532222002962
0.6465,1.7298706916602045
0.647,1.7432766523623715
0.6475,1.7449883827380834
0.648,1.7438811946812778
0.6485,1.7586526879719482
0.649,1.7545263709275616
0.6495,1.7591611796593003
0.65,1.7646626970388664
0.6505,1.7545589748684383
0.651,1.7705659857470533
0.6515,1.7682378904215634
0.652,1.7567273863767383
0.6525,1.7655965582302968
0.653,1.7518493728340292
0.6535,1.7527289062149665
0.654,1.7530241309896466
0.6545,1.770488713142997
0.655,1.7784485295382726
0.6555,1.778495039659207
0.656,1.7919481526185814
0.6565,1.8146779296048523
0.657,1.8241854030147588
0.6575,1.8248103628170826
0.658,1.8038552990670549
0.6585,1.7871215355527583
0.659,1.782689451359865
0.6595,1.773416537488315
0.66,1.770894167824604
0.6605,1.7722341898621108
0.661,1.7810735907286757
0.6615,1.7803957849350258
0.662,1.7885881034179447
0.6625,1.790066687524108
0.663,1.7588853187745213
0.6635,1.7445474640178167
0.664,1.7427353008995627
0.6645,1.7243148698581992
0.665,1.73399849402953
0.6655,1.7581729502315249
0.666,1.777778226729341
0.6665,1.7748287307403103
0.667,1.7989370456537954
0.6675,1.801778866371749
0.668,1.7967969683776346
0.6685,1.7873881484777752
0.669,1.782999447236911
0.6695,1.7772546960955882
0.67,1.7804079885176227
0.6705,1.7834101433547014
0.671,1.7839045838878025
0.6715,1.7913222264744126
0.672,1.8108466786485773
0.6725,1.8266790386085707
0.673,1.8028749790815155
0.6735,1.7621426876584956
0.674,1.777309117320135
0.6745,1.7560245347683716
0.675,1.7529332943776987
0.6755,1.7350256625290015
0.6759999999999999,1.7074953111085887
0.6765,1.7161915674314676
0.677,1.7282737108248338
0.6775,1.71979399499894
0.6779999999999999,1.6803677403799155
0.6785,1.6725779607150297
0.679,1.678857490019537
0.6795,1.657069634771648
0.6799999999999999,1.6602015311465224
0.6805,1.6603892410790688
0.681,1.669407380721367
0.6815,1.6716102628064928
0.6819999999999999,1.6574794839871625
0.6825,1.6756329631794258
0.683,1.6736759384801159
0.6835,1.673685613622877
0.6839999999999999,1.6601331077336117
0.6845,1.653965983860774
0.685,1.6412901273927791
0.6855,1.639161576656193
0.6859999999999999,1.6646669079669898
0.6865,1.6446565182867523
0.687,1.6213317826370954
0.6875,1.6430714867524991
0.688,1.6404060175071478
0.6885,1.6309993249096304
0.6890000000000001,1.64657730981582
0.6895,1.6380697905379031
0.69,1.6652328000894268
0.6905,1.675746336176462
0.6910000000000001,1.6688522951336535
0.6915,1.7014709332020772
0.692,1.6926782776403144
0.6925,1.704336604000817
0.6930000000000001,1.7093251192158585
0.6935,1.7296543417358183
0.694,1.7542441123270764
0.6945,1.7551848324186
0.6950000000000001,1.743795834196382
0.6955,1.7514059613532205
0.696,1.7412273669159022
0.6965,1.773019188951885
0.6970000000000001,1.7756276709641763
0.6975,1.7702696518059968
0.698,1.7736364052817035
0.6985,1.752709156123399
0.6990000000000001,1.737915624549806
0.6995,1.7570098052855467
0.7,1.747125850206485
0.7005,1.731202795929572
0.7010000000000001,1.7399453148926416
0.7015,1.7588328743051347
0.702,1.770582781771787
0.7025,1.786799410190987
0.7030000000000001,1.7751512986916604
0.7035,1.7530203787976306
0.704,1.7769987812736756
0.7045,1.7723143704261672
0.7050000000000001,1.7687812285808093
0.7055,1.790236066523626
0.706,1.7995901796712745
0.7065,1.8073780576883927
0.7070000000000001,1.842828639024701
0.7075,1.8326823893601392
0.708,1.8483497242582663
0.7085,1.8497543607955567
0.709,1.8546605796652695
0.7095,1.88047937860983
0.71,1.889491051547078
0.7105,1.8990606935762098
0.711,1.9177527629492237
0.7115,1.9119722026741783
0.712,1.8980987039785029
0.7125,1.880835387076948
0.713,1.8482261627926584
0.7135,1.882679456200187
0.714,1.8645729830886935
0.7145,1.8613492248368397
0.715,1.85720605984028
0.7155,1.8627768034469059
0.716,1.8768336440039322
0.7165,1.8917475438015763
0.717,1.8823546329283523
0.7175,1.8800115116692273
0.718,1.8852331908399103
0.7185,1.8815110598498503
0.719,1.9090310488852522
0.7195,1.91789165130724
0.72,1.9309773238953736
0.7205,1.9429088140704964
0.721,1.9637870581718126
0.7215,1.9674575844286561
0.722,1.9451284802548545
0.7225,1.952568436645931
0.723,1.9416810845875878
0.7235,1.9329860593420594
0.724,1.943607043039829
0.7245,1.96561944330719
0.725,1.96648482449828
0.7255,1.9724084400685384
0.726,2.0029316052839126
0.7265,2.0077453747934446
0.727,2.0549678696508824
0.7275,2.0658757871392903
0.728,2.0338573136099183
0.7285,2.0480700962430207
0.729,2.0555643620517117
0.7295,2.0797910366875163
0.73,2.0928336497191626
0.7305,2.0907651181200904
0.731,2.068392977289267
0.7315,2.0650430890035647
0.732,2.04984997596702
0.7325,2.03971888029011
0.733,2.050966716872657
0.7335,2.0821128614112103
0.734,2.0899833510458583
0.7345,2.068150751111926
0.735,2.076892094603269
0.7355,2.0996402883002228
0.736,2.0887136256481336
0.7365,2.086732092316645
0.737,2.087527920201401
0.7375,2.0733946382100035
0.738,2.085935351029444
0.7385,2.0842002843386735
0.739,2.0925421130951896
0.7395,2.0764547092679475
0.74,2.0688491831136027
0.7404999999999999,2.0827335926241055
0.741,2.076308940387397
0.7415,2.108899587182298
0.742,2.1018886460184345
0.7424999999999999,2.106638160371355
0.743,2.1247370176639784
0.7435,2.0983132595134806
0.744,2.065791181690663
0.7444999999999999,2.0381180807546238
0.745,2.0616438648391804
0.7455,2.0519830649550133
0.746,2.0994479572091285
0.7464999999999999,2.0893773589505185
0.747,2.093348590518594
0.7475,2.1227455909726687
0.748,2.1613647869888255
0.7484999999999999,2.201757773844185
0.749,2.226104714723475
0.7495,2.2470512329759167
0.75,2.2595217429704846
0.7505,2.2758171270687044
0.751,2.265166405508428
0.7515000000000001,2.2491557715207624
0.752,2.2496501762987786
0.7525,2.246788221874416
0.753,2.2382419002712552
0.7535000000000001,2.252742750361886
0.754,2.2725545179767255
0.7545,2.274919645525022
0.755,2.305552418587767
0.7555000000000001,2.2825854786285777
0.756,2.2792023608551144
0.7565,2.2651591609295
0.757,2.227909046568184
0.7575000000000001,2.2268184437936287
0.758,2.224950270450223
0.7585,2.2556250057506686
0.759,2.2689154894042156
0.7595000000000001,2.2486980786936273
0.76,2.286551555924926
0.7605,2.312095211878063
0.761,2.3247110209950534
0.7615000000000001,2.3205829494253774
0.762,2.301249046429388
0.7625,2.2941632276598556
0.763,2.3170774761073636
0.7635000000000001,2.356713988147018
0.764,2.389833336985862
0.7645,2.3799814828957397
0.765,2.3567429563345006
0.7655000000000001,2.360301932557536
0.766,2.3235581622528922
0.7665,2.3308552964481484
0.767,2.328360820549
0.7675000000000001,2.319237471180614
0.768,2.2867369346356052
0.7685,2.297813382992213
0.769,2.2874396260793897
0.7695000000000001,2.264075593551965
0.77,2.2064768442875913
0.7705,2.2064854477989804
0.771,2.2420131736196387
0.7715000000000001,2.275887199411388
0.772,2.267151449443106
0.7725,2.2555065696883854
0.773,2.2655274344449188
0.7735000000000001,2.2458630395526327
0.774,2.252486783206226
0.7745,2.2684840126241537
0.775,2.293945532464424
0.7755000000000001,2.292464090297862
0.776,2.288860993762363
0.7765,2.271458978206992
0.777,2.2552274895956863
0.7775000000000001,2.25122290742116
0.778,2.2591828196104555
0.7785,2.278208187289151
0.779,2.2624114313371955
0.7795000000000001,2.293182517354056
0.78,2.288194838020119
0.7805,2.2883295786234075
0.781,2.2736081493351255
0.7815000000000001,2.2248777602161574
0.782,2.2430264049418187
0.7825,2.258369899224818
0.783,2.2532518228969645
0.7835000000000001,2.2551652464684926
0.784,2.2661359503137564
0.7845,2.235031342136295
0.785,2.2250139517741148
0.7855000000000001,2.241376969737403
0.786,2.2167919654952155
0.7865,2.223166709838333
0.787,2.196747404715888
0.7875000000000001,2.2064611506386402
0.788,2.20630937455509
0.7885,2.174988213659716
0.7889999999999999,2.1981904343679664
0.7895,2.1842970205502223
0.79,2.1690132363048775
0.7905,2.1734465810115897
0.7909999999999999,2.1963193346526033
0.7915,2.1769131257916996
0.792,2.178658316441752
0.7925,2.1875591190638324
0.7929999999999999,2.2016673988093727
0.7935,2.2056923577924805
0.794,2.199002941087171
0.7945,2.18327524992413
0.7949999999999999,2.1855032699011554
0.7955,2.16509175588647
0.796,2.109060581909572
0.7965,2.1178231161422136
0.7969999999999999,2.1354752544264493
0.7975,2.0908764725804523
0.798,2.0725158465108477
0.7985,2.0845113279526335
0.7989999999999999,2.1233932986300235
0.7995,2.124319065355874
0.8,2.1110177344508934
0.8005,2.108092126691359
0.8009999999999999,2.134542924702544
0.8015,2.1227438560433702
0.802,2.108100764295912
0.8025,2.0995254545104913
0.8029999999999999,2.0821480386300952
0.8035,2.084953101516576
0.804,2.1157719731826967
0.8045,2.122414881207945
0.8049999999999999,2.1181549433738116
0.8055,2.113156014388591
0.806,2.084138993569114
0.8065,2.1011221711564056
0.8069999999999999,2.100184656631872
0.8075,2.097319455726913
0.808,2.157743276068392
0.8085,2.1640484764859678
0.8089999999999999,2.150037942829514
0.8095,2.142376372338409
0.81,2.164918479444999
0.8105,2.167653034200008
0.8109999999999999,2.140309501621543
0.8115,2.1584418474398928
0.812,2.1460824747862275
0.8125,2.1825772182143366
0.813,2.2042070900694406
0.8135,2.195939178341065
0.8140000000000001,2.2216487042742554
0.8145,2.2235524753424327
0.815,2.2410683757265937
0.8155,2.2513449788035675
0.8160000000000001,2.234865034375552
0.8165,2.2225596782302945
0.817,2.2435900926768104
0.8175,2.2374329599259033
0.8180000000000001,2.229914420848193
0.8185,2.211422016938203
0.819,2.2203534755031122
0.8195,2.261869164523081
0.8200000000000001,2.2408376159348906
0.8205,2.2418832476971917
0.821,2.2707615839505726
0.8215,2.269711733077217
0.8220000000000001,2.279462724157876
0.8225,2.258372367786944
0.823,2.26758854860336
0.8235,2.2643597991275164
0.8240000000000001,2.284889927715402
0.8245,2.3097273751675
0.825,2.3638021612410727
0.8255,2.376647999927505
0.8260000000000001,2.3841677399687637
0.8265,2.3889089580400844
0.827,2.381960062987582
0.8275,2.389766916926118
0.8280000000000001,2.3840502347175527
0.8285,2.388238440662637
0.829,2.4169807723801355
0.8295,2.395825446295946
0.8300000000000001,2.420850762588614
0.8305,2.449975135226732
0.831,2.4480003645955772
0.8315,2.4021531190943817
0.8320000000000001,2.389694291587024
0.8325,2.418013774554574
0.833,2.4181237018923656
0.8335,2.397114968484362
0.8340000000000001,2.386891646736988
0.8345,2.4054347732422428
0.835,2.4177990295744785
0.8355,2.4132364647033397
0.8360000000000001,2.4059219998015324
0.8365,2.398093150285846
0.837,2.3789077156252865
0.8375,2.4138737562171086
0.8380000000000001,2.4075182150951853
0.8385,2.4343297746679196
0.839,2.468062439197999
0.8395,2.490717189395062
0.8400000000000001,2.4817243816589536
0.8405,2.491306497451611
0.841,2.491390175248496
0.8415,2.4718752276999223
0.8420000000000001,2.479664496140221
0.8425,2.454134732208961
0.843,2.480818360963195
0.8435,2.4711291193867075
0.8440000000000001,2.4761930230570943
0.8445,2.4830862584851427
0.845,2.4779569062706392
0.8455,2.491579595505977
0.8460000000000001,2.4816190888931082
0.8465,2.5015790488776783
0.847,2.4720884131595975
0.8475,2.4755008180580473
0.8480000000000001,2.519050591353523
0.8485,2.497141815458229
0.849,2.4826285887868456
0.8495,2.4946607265545175
0.8500000000000001,2.499291386363487
0.8505,2.5077543142742544
0.851,2.5193537380228572
0.8515,2.534286253482526
0.852,2.560073774597161
0.8525,2.5700978189872528
0.853,2.5651943960183226
0.8534999999999999,2.5812670885337465
0.854,2.6257760334244513
0.8545,2.623317487048087
0.855,2.6011072873696786
0.8554999999999999,2.627513807969121
0.856,2.6253415848580994
0.8565,2.57497979587973
0.857,2.595140780190025
0.8574999999999999,2.5833637176905175
0.858,2.5819176687570073
0.8585,2.5902296940019696
0.859,2.595290694417604
0.8594999999999999,2.6124080119463367
0.86,2.602885501266545
0.8605,2.6154817954609997
0.861,2.6100639398521253
0.8614999999999999,2.6279640763383703
0.862,2.64308541869208
0.8625,2.621631975109344
0.863,2.6477521316600483
0.8634999999999999,2.635721268145138
0.864,2.655429844056594
0.8645,2.6648171008342945
0.865,2.709296135002762
0.8654999999999999,2.7045582791006897
0.866,2.6967843389548496
0.8665,2.6969901191456738
0.867,2.6903508781155727
0.8674999999999999,2.7102726516379194
0.868,2.6717685626895276
0.8685,2.647256630239074
0.869,2.6226352384084164
0.8694999999999999,2.6455827971344394
0.87,2.6867221152993097
0.8705,2.6848838003521998
0.871,2.681500880602619
0.8714999999999999,2.683851392016895
0.872,2.712413355775309
0.8725,2.6905933503625583
0.873,2.697002443265631
0.8734999999999999,2.7212011163596217
0.874,2.734077629172163
0.8745,2.73939724070242
0.875,2.764609635072836
0.8755,2.6984568264011193
0.876,2.71549245737325
0.8765000000000001,2.700285072985979
0.877,2.656746544889275
0.8775,2.6695582668749815
0.878,2.70302485183292
0.8785000000000001,2.700377571764114
0.879,2.72406736053901
0.8795,2.7640312133473457
0.88,2.7972298607140527
0.8805000000000001,2.838959743262184
0.881,2.8585139019967247
0.8815,2.8611571668790607
0.882,2.8208766008575648
0.8825000000000001,2.8153734943030244
0.883,2.79484315215538
0.8835,2.8498107353459883
0.884,2.8460399497606095
0.8845000000000001,2.849887731146232
0.885,2.8646576594971513
0.8855,2.8664910178724106
0.886,2.910666503515858
0.8865000000000001,2.8951842457666968
0.887,2.9009474632069248
0.8875,2.8824079175727344
0.888,2.8490969661646397
0.8885000000000001,2.8342194687317037
0.889,2.833989139698126
0.8895,2.8238156973088326
0.89,2.807033191563879
0.8905000000000001,2.772426722758436
0.891,2.771059032426831
0.8915,2.7344571440197196
0.892,2.7537300004994227
0.8925000000000001,2.756448933173727
0.893,2.7212029457931153
0.8935,2.714357351433343
0.894,2.6967751250045424
0.8945000000000001,2.70514802820693
0.895,2.7382572905748033
0.8955,2.6930156600074877
0.896,2.696459554489505
0.8965000000000001,2.693271607840306
0.897,2.7101170742216794
0.8975,2.7159624948796504
0.898,2.6983744156034124
0.8985000000000001,2.6913486442285794
0.899,2.672859424314123
0.8995,2.6992515066909757
0.9,2.7004408432795093
0.9005000000000001,2.7470363193318947
0.901,2.7462326276706435
0.9015,2.7295185540352533
0.902,2.6932457823838925
0.9025000000000001,2.6504830411066607
0.903,2.613591119751109
0.9035,2.620489049002877
0.904,2.633067854853838
0.9045000000000001,2.5964876974779676
0.905,2.6179229135162427
0.9055,2.607266319549627
0.906,2.611341363687409
0.9065000000000001,2.6496501062397106
0.907,2.6715668850241343
0.9075,2.6658181776636267
0.908,2.645235220667692
0.9085000000000001,2.594985215995387
0.909,2.578942231544807
0.9095,2.5747168764368653
0.91,2.552626830078713
0.9105000000000001,2.550268207983388
0.911,2.5526587889491426
0.9115,2.548163115104924
0.912,2.533985645610812
0.9125000000000001,2.5384416422514495
0.913,2.5491102995654074
0.9135,2.5248865483440803
0.914,2.5573812394471322
0.9145000000000001,2.5557654883782353
0.915,2.556835321979691
0.9155,2.573670707949152
0.916,2.5796826701578244
0.9165,2.6023196776629725
0.917,2.6096533179594052
0.9175,2.5960105556246935
0.9179999999999999,2.6050534619979566
0.9185,2.579055554176005
0.919,2.5822045488389254
0.9195,2.5820826221189015
0.9199999999999999,2.577921715367566
0.9205,2.575602425058559
0.921,2.5328943791770673
0.9215,2.5210962970287727
0.9219999999999999,2.5238201652049996
0.9225,2.5280596758870026
0.923,2.5054542569727567
0.9235,2.534444454998992
0.9239999999999999,2.515442956060574
0.9245,2.5378834460595714
0.925,2.5482150237188534
0.9255,2.5341233111201693
0.9259999999999999,2.5749958397129245
0.9265,2.5481483861975347
0.927,2.569734171254509
0.9275,2.5933743901929445
0.9279999999999999,2.5784671308905325
0.9285,2.611225494153682
0.929,2.606038336445492
0.9295,2.6134190391754406
0.9299999999999999,2.620157450888812
0.9305,2.617664911079303
0.931,2.6373028679473385
0.9315,2.6566796038634206
0.9319999999999999,2.6157950437906314
0.9325,2.6469658353047434
0.933,2.6082677760949093
0.9335,2.6330081714727114
0.9339999999999999,2.6602007137246306
0.9345,2.63490779030377
0.935,2.6258847206459497
0.9355,2.600571918765186
0.9359999999999999,2.5962229507898886
0.9365,2.5897190426080603
0.937,2.608425867230629
0.9375,2.6396480928693813
0.938,2.6732597232345396
0.9385,2.6604863972289903
0.9390000000000001,2.6561728513217537
0.9395,2.6168425574388476
0.94,2.5986347736577047
0.9405,2.6217103785246425
0.9410000000000001,2.6602500770670514
0.9415,2.6315450424820455
0.942,2.6182579467500804
0.9425,2.6182941303673726
0.9430000000000001,2.625509723735457
0.9435,2.607153960790395
0.944,2.6176944686112784
0.9445,2.6072547157515173
0.9450000000000001,2.607569502544154
0.9455,2.6209622789997766
0.946,2.621768074267232
0.9465,2.6121903515756406
0.9470000000000001,2.6102824602731767
0.9475,2.608872014156442
0.948,2.60089022433462
0.9485,2.595520056131029
0.9490000000000001,2.633281589565926
0.9495,2.64715112599392
0.95,2.640816873722517
0.9505,2.6579392693427057
0.9510000000000001,2.6506677527538005
0.9515,2.6791432024705233
0.952,2.688670718684875
0.9525,2.6867624627321764
0.9530000000000001,2.6981932987969337
0.9535,2.6609573046032398
0.954,2.634805111211291
0.9545,2.6073272822859237
0.9550000000000001,2.611312639156199
0.9555,2.652430590569903
0.956,2.706029197710919
0.9565,2.722148749922254
0.9570000000000001,2.7350236673798722
0.9575,2.6916485165122004
0.958,2.679256645793024
0.9585,2.6610480101578977
0.9590000000000001,2.6469363934379513
0.9595,2.643617336279317
0.96,2.6331155492457508
0.9605,2.5871587416530257
0.9610000000000001,2.6051123625846873
0.9615,2.5807678342298064
0.962,2.5869355829044505
0.9625,2.6355729710580227
0.9630000000000001,2.6145589527079856
0.9635,2.556040993352661
0.964,2.550141396342602
0.9645,2.5758908940216645
0.9650000000000001,2.621654151359207
0.9655,2.5934781176330644
0.966,2.6056483065299645
0.9665,2.595455366682419
0.9670000000000001,2.5936446968467877
0.9675,2.6556372815223925
0.968,2.6206015244885243
0.9685,2.627204173339522
0.9690000000000001,2.6388510289345835
0.9695,2.665138123234779
0.97,2.668140102747831
0.9705,2.6761586316135486
0.9710000000000001,2.667453057397353
0.9715,2.6745408657266636
0.972,2.666999716850164
0.9725,2.6824936730264928
0.9730000000000001,2.674296253094557
0.9735,2.6839849301296614
0.974,2.6839534347408835
0.9745,2.7116563959077484
0.9750000000000001,2.711087817317947
0.9755,2.668771845140763
0.976,2.699561383270185
0.9765,2.6783668137642223
0.9770000000000001,2.6633747522172913
0.9775,2.649850783543716
0.978,2.6830887841460416
0.9785,2.632507057869082
0.9790000000000001,2.70704616896672
0.9795,2.7332927662023287
0.98,2.739433681159997
0.9804999999999999,2.7387735136177933
0.981,2.7464532352761544
0.9815,2.7599412338183305
0.982,2.776558794838119
0.9824999999999999,2.791050980768483
0.983,2.793985028374343
0.9835,2.7897520055773675
0.984,2.7866748271475164
0.9844999999999999,2.782513450357236
0.985,2.811425846509442
0.9855,2.8270543736320812
0.986,2.753410637746486
0.9864999999999999,2.7702520250504463
0.987,2.7757697395565617
0.9875,2.7759991952179734
0.988,2.767046557043741
0.9884999999999999,2.7955592280906334
0.989,2.8199502987410074
0.9895,2.8011614548919597
0.99,2.8120601756101458
0.9904999999999999,2.7883242448343237
0.991,2.7546142969840406
0.9915,2.739861879496109
0.992,2.7616807194624977
0.9924999999999999,2.78591449420527
0.993,2.7993960233997144
0.9935,2.8182512262025967
0.994,2.83196720105242
0.9944999999999999,2.81642653801723
0.995,2.828011155704424
0.9955,2.8489641178224305
0.996,2.8688971424295504
0.9964999999999999,2.9001221170012976
0.997,2.9192201815661387
0.9975,2.9291264044177345
0.998,2.9578954483291824
0.9984999999999999,2.9579332698908325
0.999,2.935341384064005
0.9995,2.9317939791932273
1.0,2.912993522522316
